#
# A fatal error has been detected by the Java Runtime Environment:
#
#  SIGSEGV (0xb) at pc=0x00007f56e47816ae, pid=538622, tid=539214
#
# JRE version: OpenJDK Runtime Environment (21.0.11+10) (build 21.0.11+10)
# Java VM: OpenJDK 64-Bit Server VM (21.0.11+10, mixed mode, sharing, tiered, compressed oops, compressed class ptrs, g1 gc, linux-amd64)
# Problematic frame:
# C  [libEGL_nvidia.so.0+0xb56ae]
#
# Core dump will be written. Default location: Core dumps may be processed with "/usr/lib/systemd/systemd-coredump %P %u %g %s %t %c %h %d %F" (or dumping to /home/grounzer/Desktop/ksc/composeApp/core.538622)
#
# If you would like to submit a bug report, please visit:
#   https://bugreport.java.com/bugreport/crash.jsp
#

---------------  S U M M A R Y ------------

Command Line: -Dcompose.application.configure.swing.globals=true -Dcompose.application.resources.dir=/home/grounzer/Desktop/ksc/composeApp/build/compose/tmp/prepareAppResources -Dfile.encoding=UTF-8 -Duser.country=CN -Duser.language=zh -Duser.variant grouzerliu.mirrorgame.MainKt

Host: AMD Ryzen 7 5700U with Radeon Graphics, 16 cores, 11G, Arch Linux
Time: Mon May 11 11:43:32 2026 CST elapsed time: 18.439154 seconds (0d 0h 0m 18s)

---------------  T H R E A D  ---------------

Current thread is native thread

Stack: [0x00007f56af1cb000,0x00007f56afe00000],  sp=0x00007f56afdfedc0,  free space=12495k
Native frames: (J=compiled Java code, j=interpreted, Vv=VM code, C=native code)
C  [libEGL_nvidia.so.0+0xb56ae]

siginfo: si_signo: 11 (SIGSEGV), si_code: 1 (SEGV_MAPERR), si_addr: 0x0000000000000040

Registers:
RAX=0x0000000000000000, RBX=0x00007f56bcbfef80, RCX=0x0000000000000001, RDX=0x00007f56b7e2c35c
RSP=0x00007f56afdfedc0, RBP=0x00007f56bc2de040, RSI=0x00007f56e4774da0, RDI=0x00007f56e480c4a8
R8 =0x00000000013759ca, R9 =0x00007f56afdfedb0, R10=0x0000000000000000, R11=0x00007f5859ba3000
R12=0x00007f56b7e315e0, R13=0x00007f56bc2de040, R14=0x00007f56bcbff380, R15=0x0000000000000000
RIP=0x00007f56e47816ae, EFLAGS=0x0000000000010206, CSGSFS=0x002b000000000033, ERR=0x0000000000000004
  TRAPNO=0x000000000000000e

XMM[0]=0x0000000000000000 0x000000004b3746a9
XMM[1]=0x0000000000000000 0x0000000000000000
XMM[2]=0x0000000000000000 0x00000000000000ff
XMM[3]=0x0000000000000000 0x00000000000000ff
XMM[4]=0x0000000000000000 0x0000000000000000
XMM[5]=0x0000000000000000 0x0000000000000000
XMM[6]=0x0000000000000000 0x0000000000000000
XMM[7]=0x0000000000000000 0x0000000000000000
XMM[8]=0x00007f56b6017f00 0x00007f56b6017ef0
XMM[9]=0x0000000000200000 0x0000000000202020
XMM[10]=0x3f3f3f3f3f3f3f3f 0x3f3f3f3f3f3f3f3f
XMM[11]=0x9999999999999999 0x9999999999999999
XMM[12]=0x2020202020202020 0x2020202020202020
XMM[13]=0x0000000000000000 0x0000000000000000
XMM[14]=0x0000000000000000 0x00000007fff48f20
XMM[15]=0x0000000000000000 0x0000000000000000
  MXCSR=0x00001fa3


Top of Stack: (sp=0x00007f56afdfedc0)
0x00007f56afdfedc0:   00007f56b7e2e440 00007f56b63e68aa   @...V....h>.V...
0x00007f56afdfedd0:   00007f56b7e2e440 00007f56b623f88f   @...V.....#.V...
0x00007f56afdfede0:   00007f577cdba880 00007f56b7dda6e0   ...|W.......V...
0x00007f56afdfedf0:   00007f56afdff6c0 00017f5600000000   ....V.......V...
0x00007f56afdfee00:   00007f577d03fa90 00007f56bcbff380   ...}W.......V...
0x00007f56afdfee10:   00007f56b63e7d50 0000000000000021   P}>.V...!.......
0x00007f56afdfee20:   00007f57d19f5210 0000000000000000   .R..W...........
0x00007f56afdfee30:   00007f57d19f5317 00007f56b63e8d2a   .S..W...*.>.V...
0x00007f56afdfee40:   0000000000000000 00007f56afdffce4   ............V...
0x00007f56afdfee50:   00007f56afdfef70 00007f58598981b9   p...V......YX...
0x00007f56afdfee60:   0000000000000000 0000000000c36000   .........`......
0x00007f56afdfee70:   0000000000c36000 00007f56afdff6c0   .`..........V...
0x00007f56afdfee80:   ffffffffffffff40 dcb9d24354e0f39f   @..........TC...
0x00007f56afdfee90:   0000000000000021 00007f57d19f5210   !........R..W...
0x00007f56afdfeea0:   0000000000000000 00007f57d19f5317   .........S..W...
0x00007f56afdfeeb0:   dcb9d24356c0f39f dca43eee74b6f39f   ...VC......t.>..
0x00007f56afdfeec0:   0000000000000000 0000000000000000   ................
0x00007f56afdfeed0:   0000000000000000 0000000000000000   ................
0x00007f56afdfeee0:   0000000000000000 0000000000000000   ................
0x00007f56afdfeef0:   203a6362696c6720 2064616572687470    glibc: pthread 
0x00007f56afdfef00:   35203a6b63617473 0000003431323933   stack: 539214...
0x00007f56afdfef10:   0000000000000000 0000000000000000   ................
0x00007f56afdfef20:   0000000000000000 0000000000000000   ................
0x00007f56afdfef30:   0000000000000000 0000000000000000   ................
0x00007f56afdfef40:   0000000000000000 00f9c7373685f800   ...........67...
0x00007f56afdfef50:   0000000000000000 00007f5859897e20   ........ ~.YX...
0x00007f56afdfef60:   00007f56afdff6c0 0000000000000000   ....V...........
0x00007f56afdfef70:   0000000000000000 00007f585991d21c   ...........YX...
0x00007f56afdfef80:   0000000000000000 0000000000000000   ................
0x00007f56afdfef90:   0000000000000000 0000000000000000   ................
0x00007f56afdfefa0:   0000000000000000 0000000000000000   ................
0x00007f56afdfefb0:   0000000000000000 0000000000000000   ................

Instructions: (pc=0x00007f56e47816ae)
0x00007f56e47815ae:   4c 24 08 48 85 c0 48 89 c2 74 61 48 89 08 49 8b
0x00007f56e47815be:   44 24 40 48 83 c2 08 48 85 c0 74 41 41 8b 4c 24
0x00007f56e47815ce:   34 31 c0 85 c9 74 19 49 8b 74 24 40 89 c1 83 c0
0x00007f56e47815de:   01 48 8b 34 ce 48 89 34 ca 41 39 44 24 34 77 e7
0x00007f56e47815ee:   49 8b 44 24 40 48 85 c0 74 13 48 8d 78 f8 48 89
0x00007f56e47815fe:   54 24 08 e8 0a a8 00 00 48 8b 54 24 08 45 89 7c
0x00007f56e478160e:   24 34 49 89 54 24 40 e9 9a fe ff ff 45 8b 74 24
0x00007f56e478161e:   34 e9 90 fe ff ff 66 2e 0f 1f 84 00 00 00 00 00
0x00007f56e478162e:   66 90 48 8b 07 48 39 f0 74 58 55 48 89 fd 53 48
0x00007f56e478163e:   89 f3 48 83 ec 08 48 85 c0 74 15 48 8d 78 08 ff
0x00007f56e478164e:   50 18 85 c0 75 0a 48 8b 7d 00 48 8b 07 ff 50 08
0x00007f56e478165e:   48 89 5d 00 48 85 db 74 19 48 8b 43 10 48 83 c4
0x00007f56e478166e:   08 48 8d 7b 08 5b 5d ff e0 66 0f 1f 84 00 00 00
0x00007f56e478167e:   00 00 48 83 c4 08 5b 5d c3 66 0f 1f 84 00 00 00
0x00007f56e478168e:   00 00 c3 66 66 2e 0f 1f 84 00 00 00 00 00 0f 1f
0x00007f56e478169e:   40 00 48 83 ec 08 bf 01 00 00 00 e8 62 4c ff ff
0x00007f56e47816ae:   8b 70 40 48 8d 78 30 48 83 c4 08 e9 12 77 f8 ff
0x00007f56e47816be:   66 90 48 83 ec 18 48 8b 87 b0 04 00 00 ba 04 00
0x00007f56e47816ce:   00 00 be 01 00 00 00 c7 44 24 0c 00 00 00 00 48
0x00007f56e47816de:   8d 4c 24 0c bf 01 00 00 00 ff 90 d8 00 00 00 48
0x00007f56e47816ee:   83 c4 18 c3 66 66 2e 0f 1f 84 00 00 00 00 00 0f
0x00007f56e47816fe:   1f 00 49 89 fa 41 89 d1 40 0f b6 fe 89 ca 49 8b
0x00007f56e478170e:   82 b0 04 00 00 4c 89 c1 44 89 ce 48 8b 80 d8 00
0x00007f56e478171e:   00 00 ff e0 66 66 2e 0f 1f 84 00 00 00 00 00 0f
0x00007f56e478172e:   1f 00 55 40 0f b6 f6 53 48 89 fb 48 83 ec 08 48
0x00007f56e478173e:   8b af b0 04 00 00 e8 b7 ff ff ff ff 95 00 01 00
0x00007f56e478174e:   00 8b 10 89 53 28 48 83 c4 08 5b 5d c3 0f 1f 44
0x00007f56e478175e:   00 00 41 57 41 56 49 89 fe bf 01 00 00 00 41 55
0x00007f56e478176e:   49 89 f5 41 54 55 53 48 83 ec 58 48 89 14 24 e8
0x00007f56e478177e:   8e 4b ff ff 48 c7 44 24 18 00 00 00 00 83 b8 a0
0x00007f56e478178e:   04 00 00 03 4c 8b b8 b0 04 00 00 48 89 c3 44 8b
0x00007f56e478179e:   60 38 0f 84 02 01 00 00 48 8d 4c 24 20 48 8d 70



---------------  P R O C E S S  ---------------

VM state: at safepoint (shutting down)

VM Mutex/Monitor currently owned by a thread:  ([mutex/lock_event])
[0x00007f5859729378] ThreadsLockThrottle_lock - owner thread: 0x00007f585014acf0
[0x00007f58597290f8] Threads_lock - owner thread: 0x00007f585013ece0
[0x00007f5859728ff8] Heap_lock - owner thread: 0x00007f57bc001090

Heap address: 0x0000000740a00000, size: 3062 MB, Compressed Oops mode: Zero based, Oop shift amount: 3

CDS archive(s) mapped at: [0x00007f57d7000000-0x00007f57d7c9b000-0x00007f57d7c9b000), size 13217792, SharedBaseAddress: 0x00007f57d7000000, ArchiveRelocationMode: 1.
Compressed class space mapped at: 0x00007f57d8000000-0x00007f5818000000, reserved size: 1073741824
Narrow klass base: 0x00007f57d7000000, Narrow klass shift: 0, Narrow klass range: 0x100000000

GC Precious Log:
<Skipped>

Heap:
 garbage-first heap   total 221184K, used 66291K [0x0000000740a00000, 0x0000000800000000)
  region size 2048K, 4 young (8192K), 1 survivors (2048K)
 Metaspace       used 40346K, committed 41024K, reserved 1114112K
  class space    used 3879K, committed 4160K, reserved 1048576K

Heap Regions: E=young(eden), S=young(survivor), O=old, HS=humongous(starts), HC=humongous(continues), CS=collection set, F=free, TAMS=top-at-mark-start, PB=parsable bottom
|   0|0x0000000740a00000, 0x0000000740c00000, 0x0000000740c00000|100%| O|  |TAMS 0x0000000740a00000| PB 0x0000000740a00000| Untracked 
|   1|0x0000000740c00000, 0x0000000740e00000, 0x0000000740e00000|100%|HS|  |TAMS 0x0000000740c00000| PB 0x0000000740c00000| Complete 
|   2|0x0000000740e00000, 0x0000000741000000, 0x0000000741000000|100%| O|  |TAMS 0x0000000740e00000| PB 0x0000000740e00000| Untracked 
|   3|0x0000000741000000, 0x0000000741200000, 0x0000000741200000|100%| O|  |TAMS 0x0000000741000000| PB 0x0000000741000000| Untracked 
|   4|0x0000000741200000, 0x0000000741400000, 0x0000000741400000|100%| O|  |TAMS 0x0000000741200000| PB 0x0000000741200000| Untracked 
|   5|0x0000000741400000, 0x0000000741400000, 0x0000000741600000|  0%| F|  |TAMS 0x0000000741400000| PB 0x0000000741400000| Untracked 
|   6|0x0000000741600000, 0x0000000741600000, 0x0000000741800000|  0%| F|  |TAMS 0x0000000741600000| PB 0x0000000741600000| Untracked 
|   7|0x0000000741800000, 0x0000000741a00000, 0x0000000741a00000|100%|HS|  |TAMS 0x0000000741800000| PB 0x0000000741800000| Complete 
|   8|0x0000000741a00000, 0x0000000741c00000, 0x0000000741c00000|100%|HC|  |TAMS 0x0000000741a00000| PB 0x0000000741a00000| Complete 
|   9|0x0000000741c00000, 0x0000000741e00000, 0x0000000741e00000|100%|HC|  |TAMS 0x0000000741c00000| PB 0x0000000741c00000| Complete 
|  10|0x0000000741e00000, 0x0000000742000000, 0x0000000742000000|100%|HC|  |TAMS 0x0000000741e00000| PB 0x0000000741e00000| Complete 
|  11|0x0000000742000000, 0x0000000742000000, 0x0000000742200000|  0%| F|  |TAMS 0x0000000742000000| PB 0x0000000742000000| Untracked 
|  12|0x0000000742200000, 0x0000000742200000, 0x0000000742400000|  0%| F|  |TAMS 0x0000000742200000| PB 0x0000000742200000| Untracked 
|  13|0x0000000742400000, 0x0000000742600000, 0x0000000742600000|100%|HS|  |TAMS 0x0000000742400000| PB 0x0000000742400000| Complete 
|  14|0x0000000742600000, 0x0000000742800000, 0x0000000742800000|100%|HC|  |TAMS 0x0000000742600000| PB 0x0000000742600000| Complete 
|  15|0x0000000742800000, 0x0000000742a00000, 0x0000000742a00000|100%|HC|  |TAMS 0x0000000742800000| PB 0x0000000742800000| Complete 
|  16|0x0000000742a00000, 0x0000000742c00000, 0x0000000742c00000|100%|HC|  |TAMS 0x0000000742a00000| PB 0x0000000742a00000| Complete 
|  17|0x0000000742c00000, 0x0000000742e00000, 0x0000000742e00000|100%|HS|  |TAMS 0x0000000742c00000| PB 0x0000000742c00000| Complete 
|  18|0x0000000742e00000, 0x0000000743000000, 0x0000000743000000|100%|HC|  |TAMS 0x0000000742e00000| PB 0x0000000742e00000| Complete 
|  19|0x0000000743000000, 0x0000000743200000, 0x0000000743200000|100%|HC|  |TAMS 0x0000000743000000| PB 0x0000000743000000| Complete 
|  20|0x0000000743200000, 0x0000000743400000, 0x0000000743400000|100%|HC|  |TAMS 0x0000000743200000| PB 0x0000000743200000| Complete 
|  21|0x0000000743400000, 0x0000000743600000, 0x0000000743600000|100%|HS|  |TAMS 0x0000000743400000| PB 0x0000000743400000| Complete 
|  22|0x0000000743600000, 0x0000000743800000, 0x0000000743800000|100%|HC|  |TAMS 0x0000000743600000| PB 0x0000000743600000| Complete 
|  23|0x0000000743800000, 0x0000000743a00000, 0x0000000743a00000|100%|HC|  |TAMS 0x0000000743800000| PB 0x0000000743800000| Complete 
|  24|0x0000000743a00000, 0x0000000743c00000, 0x0000000743c00000|100%|HC|  |TAMS 0x0000000743a00000| PB 0x0000000743a00000| Complete 
|  25|0x0000000743c00000, 0x0000000743c00000, 0x0000000743e00000|  0%| F|  |TAMS 0x0000000743c00000| PB 0x0000000743c00000| Untracked 
|  26|0x0000000743e00000, 0x0000000744000000, 0x0000000744000000|100%|HS|  |TAMS 0x0000000743e00000| PB 0x0000000743e00000| Complete 
|  27|0x0000000744000000, 0x0000000744200000, 0x0000000744200000|100%|HC|  |TAMS 0x0000000744000000| PB 0x0000000744000000| Complete 
|  28|0x0000000744200000, 0x0000000744400000, 0x0000000744400000|100%|HC|  |TAMS 0x0000000744200000| PB 0x0000000744200000| Complete 
|  29|0x0000000744400000, 0x0000000744600000, 0x0000000744600000|100%|HC|  |TAMS 0x0000000744400000| PB 0x0000000744400000| Complete 
|  30|0x0000000744600000, 0x0000000744800000, 0x0000000744800000|100%|HS|  |TAMS 0x0000000744600000| PB 0x0000000744600000| Complete 
|  31|0x0000000744800000, 0x0000000744a00000, 0x0000000744a00000|100%|HC|  |TAMS 0x0000000744800000| PB 0x0000000744800000| Complete 
|  32|0x0000000744a00000, 0x0000000744c00000, 0x0000000744c00000|100%|HC|  |TAMS 0x0000000744a00000| PB 0x0000000744a00000| Complete 
|  33|0x0000000744c00000, 0x0000000744e00000, 0x0000000744e00000|100%|HC|  |TAMS 0x0000000744c00000| PB 0x0000000744c00000| Complete 
|  34|0x0000000744e00000, 0x0000000744e00000, 0x0000000745000000|  0%| F|  |TAMS 0x0000000744e00000| PB 0x0000000744e00000| Untracked 
|  35|0x0000000745000000, 0x0000000745000000, 0x0000000745200000|  0%| F|  |TAMS 0x0000000745000000| PB 0x0000000745000000| Untracked 
|  36|0x0000000745200000, 0x0000000745200000, 0x0000000745400000|  0%| F|  |TAMS 0x0000000745200000| PB 0x0000000745200000| Untracked 
|  37|0x0000000745400000, 0x0000000745400000, 0x0000000745600000|  0%| F|  |TAMS 0x0000000745400000| PB 0x0000000745400000| Untracked 
|  38|0x0000000745600000, 0x0000000745600000, 0x0000000745800000|  0%| F|  |TAMS 0x0000000745600000| PB 0x0000000745600000| Untracked 
|  39|0x0000000745800000, 0x0000000745800000, 0x0000000745a00000|  0%| F|  |TAMS 0x0000000745800000| PB 0x0000000745800000| Untracked 
|  40|0x0000000745a00000, 0x0000000745a00000, 0x0000000745c00000|  0%| F|  |TAMS 0x0000000745a00000| PB 0x0000000745a00000| Untracked 
|  41|0x0000000745c00000, 0x0000000745c00000, 0x0000000745e00000|  0%| F|  |TAMS 0x0000000745c00000| PB 0x0000000745c00000| Untracked 
|  42|0x0000000745e00000, 0x0000000745e00000, 0x0000000746000000|  0%| F|  |TAMS 0x0000000745e00000| PB 0x0000000745e00000| Untracked 
|  43|0x0000000746000000, 0x0000000746000000, 0x0000000746200000|  0%| F|  |TAMS 0x0000000746000000| PB 0x0000000746000000| Untracked 
|  44|0x0000000746200000, 0x0000000746200000, 0x0000000746400000|  0%| F|  |TAMS 0x0000000746200000| PB 0x0000000746200000| Untracked 
|  45|0x0000000746400000, 0x0000000746400000, 0x0000000746600000|  0%| F|  |TAMS 0x0000000746400000| PB 0x0000000746400000| Untracked 
|  46|0x0000000746600000, 0x0000000746600000, 0x0000000746800000|  0%| F|  |TAMS 0x0000000746600000| PB 0x0000000746600000| Untracked 
|  47|0x0000000746800000, 0x0000000746800000, 0x0000000746a00000|  0%| F|  |TAMS 0x0000000746800000| PB 0x0000000746800000| Untracked 
|  48|0x0000000746a00000, 0x0000000746a00000, 0x0000000746c00000|  0%| F|  |TAMS 0x0000000746a00000| PB 0x0000000746a00000| Untracked 
|  49|0x0000000746c00000, 0x0000000746c00000, 0x0000000746e00000|  0%| F|  |TAMS 0x0000000746c00000| PB 0x0000000746c00000| Untracked 
|  50|0x0000000746e00000, 0x0000000746e00000, 0x0000000747000000|  0%| F|  |TAMS 0x0000000746e00000| PB 0x0000000746e00000| Untracked 
|  51|0x0000000747000000, 0x0000000747000000, 0x0000000747200000|  0%| F|  |TAMS 0x0000000747000000| PB 0x0000000747000000| Untracked 
|  52|0x0000000747200000, 0x0000000747200000, 0x0000000747400000|  0%| F|  |TAMS 0x0000000747200000| PB 0x0000000747200000| Untracked 
|  53|0x0000000747400000, 0x0000000747400000, 0x0000000747600000|  0%| F|  |TAMS 0x0000000747400000| PB 0x0000000747400000| Untracked 
|  54|0x0000000747600000, 0x0000000747600000, 0x0000000747800000|  0%| F|  |TAMS 0x0000000747600000| PB 0x0000000747600000| Untracked 
|  55|0x0000000747800000, 0x0000000747800000, 0x0000000747a00000|  0%| F|  |TAMS 0x0000000747800000| PB 0x0000000747800000| Untracked 
|  56|0x0000000747a00000, 0x0000000747a00000, 0x0000000747c00000|  0%| F|  |TAMS 0x0000000747a00000| PB 0x0000000747a00000| Untracked 
|  57|0x0000000747c00000, 0x0000000747c00000, 0x0000000747e00000|  0%| F|  |TAMS 0x0000000747c00000| PB 0x0000000747c00000| Untracked 
|  58|0x0000000747e00000, 0x0000000747e00000, 0x0000000748000000|  0%| F|  |TAMS 0x0000000747e00000| PB 0x0000000747e00000| Untracked 
|  59|0x0000000748000000, 0x0000000748000000, 0x0000000748200000|  0%| F|  |TAMS 0x0000000748000000| PB 0x0000000748000000| Untracked 
|  60|0x0000000748200000, 0x0000000748200000, 0x0000000748400000|  0%| F|  |TAMS 0x0000000748200000| PB 0x0000000748200000| Untracked 
|  61|0x0000000748400000, 0x0000000748400000, 0x0000000748600000|  0%| F|  |TAMS 0x0000000748400000| PB 0x0000000748400000| Untracked 
|  62|0x0000000748600000, 0x0000000748600000, 0x0000000748800000|  0%| F|  |TAMS 0x0000000748600000| PB 0x0000000748600000| Untracked 
|  63|0x0000000748800000, 0x0000000748800000, 0x0000000748a00000|  0%| F|  |TAMS 0x0000000748800000| PB 0x0000000748800000| Untracked 
|  64|0x0000000748a00000, 0x0000000748a00000, 0x0000000748c00000|  0%| F|  |TAMS 0x0000000748a00000| PB 0x0000000748a00000| Untracked 
|  65|0x0000000748c00000, 0x0000000748c00000, 0x0000000748e00000|  0%| F|  |TAMS 0x0000000748c00000| PB 0x0000000748c00000| Untracked 
|  66|0x0000000748e00000, 0x0000000748e00000, 0x0000000749000000|  0%| F|  |TAMS 0x0000000748e00000| PB 0x0000000748e00000| Untracked 
|  67|0x0000000749000000, 0x0000000749000000, 0x0000000749200000|  0%| F|  |TAMS 0x0000000749000000| PB 0x0000000749000000| Untracked 
|  68|0x0000000749200000, 0x0000000749200000, 0x0000000749400000|  0%| F|  |TAMS 0x0000000749200000| PB 0x0000000749200000| Untracked 
|  69|0x0000000749400000, 0x0000000749400000, 0x0000000749600000|  0%| F|  |TAMS 0x0000000749400000| PB 0x0000000749400000| Untracked 
|  70|0x0000000749600000, 0x0000000749600000, 0x0000000749800000|  0%| F|  |TAMS 0x0000000749600000| PB 0x0000000749600000| Untracked 
|  71|0x0000000749800000, 0x0000000749800000, 0x0000000749a00000|  0%| F|  |TAMS 0x0000000749800000| PB 0x0000000749800000| Untracked 
|  72|0x0000000749a00000, 0x0000000749a00000, 0x0000000749c00000|  0%| F|  |TAMS 0x0000000749a00000| PB 0x0000000749a00000| Untracked 
|  73|0x0000000749c00000, 0x0000000749c00000, 0x0000000749e00000|  0%| F|  |TAMS 0x0000000749c00000| PB 0x0000000749c00000| Untracked 
|  74|0x0000000749e00000, 0x0000000749e00000, 0x000000074a000000|  0%| F|  |TAMS 0x0000000749e00000| PB 0x0000000749e00000| Untracked 
|  75|0x000000074a000000, 0x000000074a000000, 0x000000074a200000|  0%| F|  |TAMS 0x000000074a000000| PB 0x000000074a000000| Untracked 
|  76|0x000000074a200000, 0x000000074a200000, 0x000000074a400000|  0%| F|  |TAMS 0x000000074a200000| PB 0x000000074a200000| Untracked 
|  77|0x000000074a400000, 0x000000074a400000, 0x000000074a600000|  0%| F|  |TAMS 0x000000074a400000| PB 0x000000074a400000| Untracked 
|  78|0x000000074a600000, 0x000000074a600000, 0x000000074a800000|  0%| F|  |TAMS 0x000000074a600000| PB 0x000000074a600000| Untracked 
|  79|0x000000074a800000, 0x000000074a800000, 0x000000074aa00000|  0%| F|  |TAMS 0x000000074a800000| PB 0x000000074a800000| Untracked 
|  80|0x000000074aa00000, 0x000000074aa00000, 0x000000074ac00000|  0%| F|  |TAMS 0x000000074aa00000| PB 0x000000074aa00000| Untracked 
|  81|0x000000074ac00000, 0x000000074ac00000, 0x000000074ae00000|  0%| F|  |TAMS 0x000000074ac00000| PB 0x000000074ac00000| Untracked 
|  82|0x000000074ae00000, 0x000000074ae00000, 0x000000074b000000|  0%| F|  |TAMS 0x000000074ae00000| PB 0x000000074ae00000| Untracked 
|  83|0x000000074b000000, 0x000000074b000000, 0x000000074b200000|  0%| F|  |TAMS 0x000000074b000000| PB 0x000000074b000000| Untracked 
|  84|0x000000074b200000, 0x000000074b200000, 0x000000074b400000|  0%| F|  |TAMS 0x000000074b200000| PB 0x000000074b200000| Untracked 
|  85|0x000000074b400000, 0x000000074b400000, 0x000000074b600000|  0%| F|  |TAMS 0x000000074b400000| PB 0x000000074b400000| Untracked 
|  86|0x000000074b600000, 0x000000074b600000, 0x000000074b800000|  0%| F|  |TAMS 0x000000074b600000| PB 0x000000074b600000| Untracked 
|  87|0x000000074b800000, 0x000000074b800000, 0x000000074ba00000|  0%| F|  |TAMS 0x000000074b800000| PB 0x000000074b800000| Untracked 
|  88|0x000000074ba00000, 0x000000074ba00000, 0x000000074bc00000|  0%| F|  |TAMS 0x000000074ba00000| PB 0x000000074ba00000| Untracked 
|  89|0x000000074bc00000, 0x000000074bc00000, 0x000000074be00000|  0%| F|  |TAMS 0x000000074bc00000| PB 0x000000074bc00000| Untracked 
|  90|0x000000074be00000, 0x000000074be00000, 0x000000074c000000|  0%| F|  |TAMS 0x000000074be00000| PB 0x000000074be00000| Untracked 
|  91|0x000000074c000000, 0x000000074c000000, 0x000000074c200000|  0%| F|  |TAMS 0x000000074c000000| PB 0x000000074c000000| Untracked 
|  92|0x000000074c200000, 0x000000074c200000, 0x000000074c400000|  0%| F|  |TAMS 0x000000074c200000| PB 0x000000074c200000| Untracked 
|  93|0x000000074c400000, 0x000000074c400000, 0x000000074c600000|  0%| F|  |TAMS 0x000000074c400000| PB 0x000000074c400000| Untracked 
|  94|0x000000074c600000, 0x000000074c600000, 0x000000074c800000|  0%| F|  |TAMS 0x000000074c600000| PB 0x000000074c600000| Untracked 
|  95|0x000000074c800000, 0x000000074c800000, 0x000000074ca00000|  0%| F|  |TAMS 0x000000074c800000| PB 0x000000074c800000| Untracked 
|  96|0x000000074ca00000, 0x000000074ca00000, 0x000000074cc00000|  0%| F|  |TAMS 0x000000074ca00000| PB 0x000000074ca00000| Untracked 
|  97|0x000000074cc00000, 0x000000074cc00000, 0x000000074ce00000|  0%| F|  |TAMS 0x000000074cc00000| PB 0x000000074cc00000| Untracked 
|  98|0x000000074ce00000, 0x000000074ce00000, 0x000000074d000000|  0%| F|  |TAMS 0x000000074ce00000| PB 0x000000074ce00000| Untracked 
|  99|0x000000074d000000, 0x000000074d000000, 0x000000074d200000|  0%| F|  |TAMS 0x000000074d000000| PB 0x000000074d000000| Untracked 
| 100|0x000000074d200000, 0x000000074d20f100, 0x000000074d400000|  2%| S|CS|TAMS 0x000000074d200000| PB 0x000000074d200000| Complete 
| 101|0x000000074d400000, 0x000000074d400000, 0x000000074d600000|  0%| F|  |TAMS 0x000000074d400000| PB 0x000000074d400000| Untracked 
| 102|0x000000074d600000, 0x000000074d600000, 0x000000074d800000|  0%| F|  |TAMS 0x000000074d600000| PB 0x000000074d600000| Untracked 
| 103|0x000000074d800000, 0x000000074d850aa8, 0x000000074da00000| 15%| E|  |TAMS 0x000000074d800000| PB 0x000000074d800000| Complete 
|1527|0x00000007ff800000, 0x00000007ff8adce8, 0x00000007ffa00000| 33%| O|  |TAMS 0x00000007ff800000| PB 0x00000007ff800000| Untracked 
|1528|0x00000007ffa00000, 0x00000007ffc00000, 0x00000007ffc00000|100%| E|CS|TAMS 0x00000007ffa00000| PB 0x00000007ffa00000| Complete 
|1529|0x00000007ffc00000, 0x00000007ffe00000, 0x00000007ffe00000|100%| O|  |TAMS 0x00000007ffc00000| PB 0x00000007ffc00000| Untracked 
|1530|0x00000007ffe00000, 0x0000000800000000, 0x0000000800000000|100%| E|CS|TAMS 0x00000007ffe00000| PB 0x00000007ffe00000| Complete 

Card table byte_map: [0x00007f58563f8000,0x00007f58569f3000] _byte_map_base: 0x00007f58529f3000

Marking Bits: (CMBitMap*) 0x00007f5850075ab0
 Bits: [0x00007f5835428000, 0x00007f5838400000)

Polling page: 0x00007f5859b87000

Metaspace:

Usage:
  Non-class:     35.61 MB used.
      Class:      3.79 MB used.
       Both:     39.40 MB used.

Virtual space:
  Non-class space:       64.00 MB reserved,      36.00 MB ( 56%) committed,  1 nodes.
      Class space:        1.00 GB reserved,       4.06 MB ( <1%) committed,  1 nodes.
             Both:        1.06 GB reserved,      40.06 MB (  4%) committed. 

Chunk freelists:
   Non-Class:  11.97 MB
       Class:  11.82 MB
        Both:  23.78 MB

MaxMetaspaceSize: unlimited
CompressedClassSpaceSize: 1.00 GB
Initial GC threshold: 21.00 MB
Current GC threshold: 62.62 MB
CDS: on
 - commit_granule_bytes: 65536.
 - commit_granule_words: 8192.
 - virtual_space_node_default_size: 8388608.
 - enlarge_chunks_in_place: 1.
 - use_allocation_guard: 0.


Internal statistics:

num_allocs_failed_limit: 6.
num_arena_births: 894.
num_arena_deaths: 0.
num_vsnodes_births: 2.
num_vsnodes_deaths: 0.
num_space_committed: 639.
num_space_uncommitted: 0.
num_chunks_returned_to_freelist: 6.
num_chunks_taken_from_freelist: 2195.
num_chunk_merges: 3.
num_chunk_splits: 1524.
num_chunks_enlarged: 1141.
num_inconsistent_stats: 0.

CodeHeap 'non-profiled nmethods': size=119168Kb used=1922Kb max_used=1922Kb free=117245Kb
 bounds [0x00007f583ffa0000, 0x00007f5840210000, 0x00007f5847400000]
CodeHeap 'profiled nmethods': size=119164Kb used=7503Kb max_used=7503Kb free=111660Kb
 bounds [0x00007f5838400000, 0x00007f5838b60000, 0x00007f583f85f000]
CodeHeap 'non-nmethods': size=7428Kb used=3806Kb max_used=5513Kb free=3621Kb
 bounds [0x00007f583f85f000, 0x00007f583fdcf000, 0x00007f583ffa0000]
CodeCache: size=245760Kb, used=13231Kb, max_used=14938Kb, free=232526Kb
 total_blobs=6870, nmethods=4425, adapters=2350, full_count=0
Compilation: enabled, stopped_count=0, restarted_count=0

Compilation events (20 events):
Event: 18.079 Thread 0x00007f5850150b90 4776       3       java.util.regex.Pattern::atom (422 bytes)
Event: 18.082 Thread 0x00007f5850150b90 nmethod 4776 0x00007f5838b4b190 code [0x00007f5838b4b520, 0x00007f5838b4cac0]
Event: 18.082 Thread 0x00007f5850150b90 4778       3       java.util.regex.Pattern::sequence (647 bytes)
Event: 18.083 Thread 0x00007f5850150b90 nmethod 4778 0x00007f5838b4d190 code [0x00007f5838b4d7c0, 0x00007f5838b508b0]
Event: 18.083 Thread 0x00007f5850150b90 4775       3       java.util.regex.Pattern::nextEscaped (19 bytes)
Event: 18.084 Thread 0x00007f5850150b90 nmethod 4775 0x00007f5838b51710 code [0x00007f5838b518a0, 0x00007f5838b519d8]
Event: 18.084 Thread 0x00007f5850150b90 4777       3       java.util.regex.Pattern::unread (11 bytes)
Event: 18.084 Thread 0x00007f5850150b90 nmethod 4777 0x00007f5838b51a90 code [0x00007f5838b51c20, 0x00007f5838b51d28]
Event: 18.084 Thread 0x00007f5850150b90 4779       3       java.util.regex.Pattern::expr (142 bytes)
Event: 18.084 Thread 0x00007f5850150b90 nmethod 4779 0x00007f5838b51d90 code [0x00007f5838b52000, 0x00007f5838b52ac8]
Event: 18.084 Thread 0x00007f5850150b90 4780       3       java.lang.invoke.DelegatingMethodHandle$Holder::reinvoke_L (20 bytes)
Event: 18.084 Thread 0x00007f5850150b90 nmethod 4780 0x00007f5838b52e90 code [0x00007f5838b53060, 0x00007f5838b534b8]
Event: 18.092 Thread 0x00007f5850150b90 4781       1       grouzerliu.mirrorgame.viewmodel.ScreenViewModel::access$getGpuConverter$p (5 bytes)
Event: 18.092 Thread 0x00007f5850150b90 nmethod 4781 0x00007f5840180210 code [0x00007f58401803a0, 0x00007f5840180448]
Event: 18.093 Thread 0x00007f5850150b90 4782       1       grouzerliu.mirrorgame.adb.YuvFrame::getUvStride (5 bytes)
Event: 18.094 Thread 0x00007f5850150b90 nmethod 4782 0x00007f5840180510 code [0x00007f58401806a0, 0x00007f5840180760]
Event: 18.094 Thread 0x00007f5850150b90 4783       1       grouzerliu.mirrorgame.adb.YuvFrame::getHeight (5 bytes)
Event: 18.094 Thread 0x00007f5850150b90 nmethod 4783 0x00007f5840180810 code [0x00007f58401809a0, 0x00007f5840180a60]
Event: 18.097 Thread 0x00007f5850150b90 4784       3       androidx.compose.runtime.snapshots.SnapshotDoubleIndexHeap::shiftUp (88 bytes)
Event: 18.097 Thread 0x00007f5850150b90 nmethod 4784 0x00007f5838b53610 code [0x00007f5838b537e0, 0x00007f5838b53b88]

GC Heap History (20 events):
Event: 8.193 GC heap before
{Heap before GC invocations=22 (full 0):
 garbage-first heap   total 221184K, used 72410K [0x0000000740a00000, 0x0000000800000000)
  region size 2048K, 5 young (10240K), 1 survivors (2048K)
 Metaspace       used 40156K, committed 40832K, reserved 1114112K
  class space    used 3877K, committed 4160K, reserved 1048576K
}
Event: 8.195 GC heap after
{Heap after GC invocations=23 (full 0):
 garbage-first heap   total 221184K, used 60119K [0x0000000740a00000, 0x0000000800000000)
  region size 2048K, 1 young (2048K), 1 survivors (2048K)
 Metaspace       used 40156K, committed 40832K, reserved 1114112K
  class space    used 3877K, committed 4160K, reserved 1048576K
}
Event: 11.508 GC heap before
{Heap before GC invocations=23 (full 0):
 garbage-first heap   total 221184K, used 70359K [0x0000000740a00000, 0x0000000800000000)
  region size 2048K, 4 young (8192K), 1 survivors (2048K)
 Metaspace       used 40169K, committed 40832K, reserved 1114112K
  class space    used 3877K, committed 4160K, reserved 1048576K
}
Event: 11.510 GC heap after
{Heap after GC invocations=24 (full 0):
 garbage-first heap   total 221184K, used 60105K [0x0000000740a00000, 0x0000000800000000)
  region size 2048K, 1 young (2048K), 1 survivors (2048K)
 Metaspace       used 40169K, committed 40832K, reserved 1114112K
  class space    used 3877K, committed 4160K, reserved 1048576K
}
Event: 11.860 GC heap before
{Heap before GC invocations=24 (full 0):
 garbage-first heap   total 221184K, used 70345K [0x0000000740a00000, 0x0000000800000000)
  region size 2048K, 4 young (8192K), 1 survivors (2048K)
 Metaspace       used 40200K, committed 40896K, reserved 1114112K
  class space    used 3877K, committed 4160K, reserved 1048576K
}
Event: 11.862 GC heap after
{Heap after GC invocations=25 (full 0):
 garbage-first heap   total 221184K, used 60102K [0x0000000740a00000, 0x0000000800000000)
  region size 2048K, 1 young (2048K), 1 survivors (2048K)
 Metaspace       used 40200K, committed 40896K, reserved 1114112K
  class space    used 3877K, committed 4160K, reserved 1048576K
}
Event: 12.263 GC heap before
{Heap before GC invocations=25 (full 0):
 garbage-first heap   total 221184K, used 74438K [0x0000000740a00000, 0x0000000800000000)
  region size 2048K, 5 young (10240K), 1 survivors (2048K)
 Metaspace       used 40219K, committed 40896K, reserved 1114112K
  class space    used 3877K, committed 4160K, reserved 1048576K
}
Event: 12.264 GC heap after
{Heap after GC invocations=26 (full 0):
 garbage-first heap   total 221184K, used 60106K [0x0000000740a00000, 0x0000000800000000)
  region size 2048K, 1 young (2048K), 1 survivors (2048K)
 Metaspace       used 40219K, committed 40896K, reserved 1114112K
  class space    used 3877K, committed 4160K, reserved 1048576K
}
Event: 12.776 GC heap before
{Heap before GC invocations=26 (full 0):
 garbage-first heap   total 221184K, used 74442K [0x0000000740a00000, 0x0000000800000000)
  region size 2048K, 5 young (10240K), 1 survivors (2048K)
 Metaspace       used 40237K, committed 40960K, reserved 1114112K
  class space    used 3877K, committed 4160K, reserved 1048576K
}
Event: 12.777 GC heap after
{Heap after GC invocations=27 (full 0):
 garbage-first heap   total 221184K, used 60105K [0x0000000740a00000, 0x0000000800000000)
  region size 2048K, 1 young (2048K), 1 survivors (2048K)
 Metaspace       used 40237K, committed 40960K, reserved 1114112K
  class space    used 3877K, committed 4160K, reserved 1048576K
}
Event: 15.829 GC heap before
{Heap before GC invocations=27 (full 0):
 garbage-first heap   total 221184K, used 74441K [0x0000000740a00000, 0x0000000800000000)
  region size 2048K, 5 young (10240K), 1 survivors (2048K)
 Metaspace       used 40273K, committed 41024K, reserved 1114112K
  class space    used 3877K, committed 4160K, reserved 1048576K
}
Event: 15.832 GC heap after
{Heap after GC invocations=28 (full 0):
 garbage-first heap   total 221184K, used 60136K [0x0000000740a00000, 0x0000000800000000)
  region size 2048K, 1 young (2048K), 1 survivors (2048K)
 Metaspace       used 40273K, committed 41024K, reserved 1114112K
  class space    used 3877K, committed 4160K, reserved 1048576K
}
Event: 16.317 GC heap before
{Heap before GC invocations=28 (full 0):
 garbage-first heap   total 221184K, used 74472K [0x0000000740a00000, 0x0000000800000000)
  region size 2048K, 5 young (10240K), 1 survivors (2048K)
 Metaspace       used 40280K, committed 41024K, reserved 1114112K
  class space    used 3877K, committed 4160K, reserved 1048576K
}
Event: 16.318 GC heap after
{Heap after GC invocations=29 (full 0):
 garbage-first heap   total 221184K, used 60134K [0x0000000740a00000, 0x0000000800000000)
  region size 2048K, 1 young (2048K), 1 survivors (2048K)
 Metaspace       used 40280K, committed 41024K, reserved 1114112K
  class space    used 3877K, committed 4160K, reserved 1048576K
}
Event: 16.789 GC heap before
{Heap before GC invocations=29 (full 0):
 garbage-first heap   total 221184K, used 74470K [0x0000000740a00000, 0x0000000800000000)
  region size 2048K, 5 young (10240K), 1 survivors (2048K)
 Metaspace       used 40288K, committed 41024K, reserved 1114112K
  class space    used 3877K, committed 4160K, reserved 1048576K
}
Event: 16.790 GC heap after
{Heap after GC invocations=30 (full 0):
 garbage-first heap   total 221184K, used 60128K [0x0000000740a00000, 0x0000000800000000)
  region size 2048K, 1 young (2048K), 1 survivors (2048K)
 Metaspace       used 40288K, committed 41024K, reserved 1114112K
  class space    used 3877K, committed 4160K, reserved 1048576K
}
Event: 17.301 GC heap before
{Heap before GC invocations=30 (full 0):
 garbage-first heap   total 221184K, used 74464K [0x0000000740a00000, 0x0000000800000000)
  region size 2048K, 5 young (10240K), 1 survivors (2048K)
 Metaspace       used 40290K, committed 41024K, reserved 1114112K
  class space    used 3877K, committed 4160K, reserved 1048576K
}
Event: 17.302 GC heap after
{Heap after GC invocations=31 (full 0):
 garbage-first heap   total 221184K, used 60143K [0x0000000740a00000, 0x0000000800000000)
  region size 2048K, 1 young (2048K), 1 survivors (2048K)
 Metaspace       used 40290K, committed 41024K, reserved 1114112K
  class space    used 3877K, committed 4160K, reserved 1048576K
}
Event: 18.088 GC heap before
{Heap before GC invocations=31 (full 0):
 garbage-first heap   total 221184K, used 74479K [0x0000000740a00000, 0x0000000800000000)
  region size 2048K, 5 young (10240K), 1 survivors (2048K)
 Metaspace       used 40331K, committed 41024K, reserved 1114112K
  class space    used 3877K, committed 4160K, reserved 1048576K
}
Event: 18.090 GC heap after
{Heap after GC invocations=32 (full 0):
 garbage-first heap   total 221184K, used 60147K [0x0000000740a00000, 0x0000000800000000)
  region size 2048K, 1 young (2048K), 1 survivors (2048K)
 Metaspace       used 40331K, committed 41024K, reserved 1114112K
  class space    used 3877K, committed 4160K, reserved 1048576K
}

Dll operation events (20 events):
Event: 0.096 Loaded shared library /usr/lib/jvm/java-21-openjdk/lib/libjimage.so
Event: 0.102 Loaded shared library /usr/lib/jvm/java-21-openjdk/lib/libnet.so
Event: 0.108 Loaded shared library /home/grounzer/.skiko/skiko-linux-x64-37642cbaf7de22f37bbc28b39bba8e613e2cbe128d03b69845a86e0bc241648c/libskiko-linux-x64.so
Event: 0.131 Loaded shared library /usr/lib/jvm/java-21-openjdk/lib/libawt.so
Event: 0.134 Loaded shared library /usr/lib/jvm/java-21-openjdk/lib/libawt_xawt.so
Event: 0.182 Loaded shared library /usr/lib/jvm/java-21-openjdk/lib/libfontmanager.so
Event: 5.168 Loaded shared library /usr/lib/jvm/java-21-openjdk/lib/libextnet.so
Event: 5.747 Loaded shared library /home/grounzer/.javacpp/cache/ffmpeg-8.0.1-1.5.13-linux-x86_64.jar/org/bytedeco/ffmpeg/linux-x86_64/libva.so.2
Event: 5.753 Loaded shared library /home/grounzer/.javacpp/cache/ffmpeg-8.0.1-1.5.13-linux-x86_64.jar/org/bytedeco/ffmpeg/linux-x86_64/libdrm.so.2
Event: 5.759 Loaded shared library /home/grounzer/.javacpp/cache/ffmpeg-8.0.1-1.5.13-linux-x86_64.jar/org/bytedeco/ffmpeg/linux-x86_64/libva-drm.so.2
Event: 5.767 Loaded shared library /home/grounzer/.javacpp/cache/ffmpeg-8.0.1-1.5.13-linux-x86_64.jar/org/bytedeco/ffmpeg/linux-x86_64/libavutil.so.60
Event: 5.771 Loaded shared library /home/grounzer/.javacpp/cache/ffmpeg-8.0.1-1.5.13-linux-x86_64.jar/org/bytedeco/ffmpeg/linux-x86_64/libjniavutil.so
Event: 5.812 Loaded shared library /home/grounzer/.javacpp/cache/ffmpeg-8.0.1-1.5.13-linux-x86_64.jar/org/bytedeco/ffmpeg/linux-x86_64/libswresample.so.6
Event: 5.815 Loaded shared library /home/grounzer/.javacpp/cache/ffmpeg-8.0.1-1.5.13-linux-x86_64.jar/org/bytedeco/ffmpeg/linux-x86_64/libjniswresample.so
Event: 5.824 Loaded shared library /home/grounzer/.javacpp/cache/ffmpeg-8.0.1-1.5.13-linux-x86_64.jar/org/bytedeco/ffmpeg/linux-x86_64/libavcodec.so.62
Event: 5.827 Loaded shared library /home/grounzer/.javacpp/cache/ffmpeg-8.0.1-1.5.13-linux-x86_64.jar/org/bytedeco/ffmpeg/linux-x86_64/libjniavcodec.so
Event: 5.862 Loaded shared library /home/grounzer/.javacpp/cache/ffmpeg-8.0.1-1.5.13-linux-x86_64.jar/org/bytedeco/ffmpeg/linux-x86_64/libswscale.so.9
Event: 5.864 Loaded shared library /home/grounzer/.javacpp/cache/ffmpeg-8.0.1-1.5.13-linux-x86_64.jar/org/bytedeco/ffmpeg/linux-x86_64/libjniswscale.so
Event: 6.145 Loaded shared library /tmp/lwjgl_grounzer/3.4.1+2/x64/liblwjgl.so
Event: 6.454 Loaded shared library /tmp/lwjgl_grounzer/3.4.1+2/x64/liblwjgl_opengl.so

Deoptimization events (20 events):
Event: 12.378 Thread 0x00007f579000e330 DEOPT PACKING pc=0x00007f5840159084 sp=0x00007f57d1bfa7b0
Event: 12.378 Thread 0x00007f579000e330 DEOPT UNPACKING pc=0x00007f583f8b2f99 sp=0x00007f57d1bfa610 mode 2
Event: 12.379 Thread 0x00007f579000e330 Uncommon trap: trap_request=0xffffffd6 fr.pc=0x00007f5840159084 relative=0x0000000000000ae4
Event: 12.379 Thread 0x00007f579000e330 Uncommon trap: reason=array_check action=maybe_recompile pc=0x00007f5840159084 method=kotlinx.coroutines.internal.ThreadSafeHeap.swap(II)V @ 31 c2
Event: 12.379 Thread 0x00007f579000e330 DEOPT PACKING pc=0x00007f5840159084 sp=0x00007f57d1bfa7b0
Event: 12.379 Thread 0x00007f579000e330 DEOPT UNPACKING pc=0x00007f583f8b2f99 sp=0x00007f57d1bfa610 mode 2
Event: 12.679 Thread 0x00007f579000e330 Uncommon trap: trap_request=0xffffffd6 fr.pc=0x00007f584015e940 relative=0x0000000000000aa0
Event: 12.679 Thread 0x00007f579000e330 Uncommon trap: reason=array_check action=maybe_recompile pc=0x00007f584015e940 method=kotlinx.coroutines.internal.ThreadSafeHeap.swap(II)V @ 36 c2
Event: 12.679 Thread 0x00007f579000e330 DEOPT PACKING pc=0x00007f584015e940 sp=0x00007f57d1bfa7b0
Event: 12.679 Thread 0x00007f579000e330 DEOPT UNPACKING pc=0x00007f583f8b2f99 sp=0x00007f57d1bfa610 mode 2
Event: 12.680 Thread 0x00007f579000e330 Uncommon trap: trap_request=0xffffffd6 fr.pc=0x00007f584015e940 relative=0x0000000000000aa0
Event: 12.680 Thread 0x00007f579000e330 Uncommon trap: reason=array_check action=maybe_recompile pc=0x00007f584015e940 method=kotlinx.coroutines.internal.ThreadSafeHeap.swap(II)V @ 36 c2
Event: 12.680 Thread 0x00007f579000e330 DEOPT PACKING pc=0x00007f584015e940 sp=0x00007f57d1bfa7b0
Event: 12.680 Thread 0x00007f579000e330 DEOPT UNPACKING pc=0x00007f583f8b2f99 sp=0x00007f57d1bfa610 mode 2
Event: 15.509 Thread 0x00007f5850698c20 Uncommon trap: trap_request=0xffffff6e fr.pc=0x00007f5840165470 relative=0x0000000000001db0
Event: 15.509 Thread 0x00007f5850698c20 Uncommon trap: reason=loop_limit_check action=maybe_recompile pc=0x00007f5840165470 method=androidx.compose.runtime.snapshots.SnapshotStateObserver$ObservedScopeMap.recordInvalidation(Ljava/util/Set;)Z @ 89 c2
Event: 15.509 Thread 0x00007f5850698c20 DEOPT PACKING pc=0x00007f5840165470 sp=0x00007f57d19f7c60
Event: 15.509 Thread 0x00007f5850698c20 DEOPT UNPACKING pc=0x00007f583f8b2f99 sp=0x00007f57d19f7a80 mode 2
Event: 15.729 Thread 0x00007f5850698c20 DEOPT PACKING pc=0x00007f58386f2271 sp=0x00007f57d19f6e70
Event: 15.729 Thread 0x00007f5850698c20 DEOPT UNPACKING pc=0x00007f583f8b372f sp=0x00007f57d19f6320 mode 0

Classes loaded (20 events):
Event: 6.185 Loading class java/nio/DirectDoubleBufferU
Event: 6.185 Loading class java/nio/DirectDoubleBufferU done
Event: 6.186 Loading class sun/misc/Unsafe
Event: 6.186 Loading class sun/misc/Unsafe done
Event: 6.187 Loading class java/util/function/LongPredicate
Event: 6.187 Loading class java/util/function/LongPredicate done
Event: 6.188 Loading class java/lang/foreign/MemorySegment
Event: 6.189 Loading class java/lang/foreign/MemorySegment done
Event: 6.459 Loading class java/util/Formatter$FixedString
Event: 6.459 Loading class java/util/Formatter$FixedString done
Event: 6.503 Loading class java/nio/InvalidMarkException
Event: 6.503 Loading class java/nio/InvalidMarkException done
Event: 6.503 Loading class java/nio/BufferUnderflowException
Event: 6.503 Loading class java/nio/BufferUnderflowException done
Event: 18.104 Loading class jdk/internal/misc/Signal$1
Event: 18.104 Loading class jdk/internal/misc/Signal$1 done
Event: 18.105 Loading class sun/awt/X11/XSystemTrayPeer
Event: 18.105 Loading class java/awt/peer/SystemTrayPeer
Event: 18.105 Loading class java/awt/peer/SystemTrayPeer done
Event: 18.106 Loading class sun/awt/X11/XSystemTrayPeer done

Classes unloaded (0 events):
No events

Classes redefined (0 events):
No events

Internal exceptions (20 events):
Event: 1.864 Thread 0x00007f5850698c20 Exception <a 'java/lang/UnsupportedOperationException'{0x0000000741ad36b8}: > (0x0000000741ad36b8) 
thrown [/usr/src/debug/java21-openjdk/jdk21u-jdk-21.0.11-10/src/hotspot/share/prims/jni.cpp, line 539]
Event: 1.996 Thread 0x00007f5850698c20 Exception <a 'java/lang/NoSuchMethodError'{0x0000000741b64cc8}: 'java.lang.Object java.lang.invoke.DirectMethodHandle$Holder.invokeStatic(java.lang.Object, java.lang.Object, int, java.lang.Object, java.lang.Object)'> (0x0000000741b64cc8) 
thrown [/usr/src/debug/java21-openjdk/jdk21u-jdk-21.0.11-10/src/hotspot/share/interpreter/linkResolver.cpp, line 772]
Event: 5.715 Thread 0x00007f5790000f50 Exception <a 'java/lang/NoSuchMethodError'{0x000000074c9d7578}: 'int java.lang.invoke.DirectMethodHandle$Holder.invokeStaticInit(java.lang.Object, java.lang.Object, java.lang.Object, java.lang.Object)'> (0x000000074c9d7578) 
thrown [/usr/src/debug/java21-openjdk/jdk21u-jdk-21.0.11-10/src/hotspot/share/interpreter/linkResolver.cpp, line 772]
Event: 5.715 Thread 0x00007f5790000f50 Exception <a 'java/lang/NoSuchMethodError'{0x000000074c9dfba0}: 'java.lang.Object java.lang.invoke.DirectMethodHandle$Holder.invokeInterface(java.lang.Object, java.lang.Object)'> (0x000000074c9dfba0) 
thrown [/usr/src/debug/java21-openjdk/jdk21u-jdk-21.0.11-10/src/hotspot/share/interpreter/linkResolver.cpp, line 772]
Event: 5.716 Thread 0x00007f5790000f50 Exception <a 'java/lang/IncompatibleClassChangeError'{0x000000074c9e2de0}: Found class java.lang.Object, but interface was expected> (0x000000074c9e2de0) 
thrown [/usr/src/debug/java21-openjdk/jdk21u-jdk-21.0.11-10/src/hotspot/share/interpreter/linkResolver.cpp, line 840]
Event: 6.122 Thread 0x00007f5850698c20 Implicit null exception at 0x00007f5840048dc1 to 0x00007f58400492e4
Event: 6.122 Thread 0x00007f5850698c20 Exception <a 'java/lang/NoSuchMethodError'{0x00000007ffe0c978}: 'void java.lang.System.load(java.lang.String, java.lang.Class)'> (0x00000007ffe0c978) 
thrown [/usr/src/debug/java21-openjdk/jdk21u-jdk-21.0.11-10/src/hotspot/share/interpreter/linkResolver.cpp, line 772]
Event: 6.124 Thread 0x00007f5850698c20 Exception <a 'java/lang/NoSuchMethodError'{0x00000007ffe175c8}: 'void java.lang.invoke.DirectMethodHandle$Holder.invokeStatic(java.lang.Object, java.lang.Object, int, java.lang.Object)'> (0x00000007ffe175c8) 
thrown [/usr/src/debug/java21-openjdk/jdk21u-jdk-21.0.11-10/src/hotspot/share/interpreter/linkResolver.cpp, line 772]
Event: 6.125 Thread 0x00007f5850698c20 Exception <a 'java/lang/NoSuchMethodError'{0x00000007fff2d928}: 'void java.lang.invoke.DelegatingMethodHandle$Holder.delegate(java.lang.Object, java.lang.Object, int, java.lang.Object)'> (0x00000007fff2d928) 
thrown [/usr/src/debug/java21-openjdk/jdk21u-jdk-21.0.11-10/src/hotspot/share/interpreter/linkResolver.cpp, line 772]
Event: 6.131 Thread 0x00007f5850698c20 Implicit null exception at 0x00007f584010577b to 0x00007f58401059f0
Event: 6.132 Thread 0x00007f5850698c20 Exception <a 'java/lang/NoSuchMethodError'{0x00000007fff46820}: 'void java.lang.System.loadLibrary(java.lang.String, java.lang.Class)'> (0x00000007fff46820) 
thrown [/usr/src/debug/java21-openjdk/jdk21u-jdk-21.0.11-10/src/hotspot/share/interpreter/linkResolver.cpp, line 772]
Event: 6.173 Thread 0x00007f5850698c20 Exception <a 'sun/nio/fs/UnixException'{0x00000007fffa6200}> (0x00000007fffa6200) 
thrown [/usr/src/debug/java21-openjdk/jdk21u-jdk-21.0.11-10/src/hotspot/share/prims/jni.cpp, line 520]
Event: 6.174 Thread 0x00007f5850698c20 Exception <a 'sun/nio/fs/UnixException'{0x00000007fffac818}> (0x00000007fffac818) 
thrown [/usr/src/debug/java21-openjdk/jdk21u-jdk-21.0.11-10/src/hotspot/share/prims/jni.cpp, line 520]
Event: 6.188 Thread 0x00007f5850698c20 Exception <a 'java/lang/NoSuchMethodError'{0x000000074c149b90}: 'int java.lang.invoke.DirectMethodHandle$Holder.invokeStaticInit(java.lang.Object, java.lang.Object, int, long)'> (0x000000074c149b90) 
thrown [/usr/src/debug/java21-openjdk/jdk21u-jdk-21.0.11-10/src/hotspot/share/interpreter/linkResolver.cpp, line 772]
Event: 6.190 Thread 0x00007f5850698c20 Exception <a 'java/lang/NoSuchMethodError'{0x000000074c15abf8}: 'int java.lang.invoke.DirectMethodHandle$Holder.invokeStaticInit(java.lang.Object, java.lang.Object, long, long)'> (0x000000074c15abf8) 
thrown [/usr/src/debug/java21-openjdk/jdk21u-jdk-21.0.11-10/src/hotspot/share/interpreter/linkResolver.cpp, line 772]
Event: 6.191 Thread 0x00007f5850698c20 Exception <a 'java/lang/NoSuchMethodError'{0x000000074c160270}: 'java.lang.Object java.lang.invoke.DirectMethodHandle$Holder.newInvokeSpecial(java.lang.Object, java.lang.Object, long)'> (0x000000074c160270) 
thrown [/usr/src/debug/java21-openjdk/jdk21u-jdk-21.0.11-10/src/hotspot/share/interpreter/linkResolver.cpp, line 772]
Event: 6.192 Thread 0x00007f5850698c20 Exception <a 'java/lang/NoSuchMethodError'{0x000000074c1639d0}: 'java.lang.Object java.lang.invoke.Invokers$Holder.linkToTargetMethod(java.lang.Object, long, java.lang.Object)'> (0x000000074c1639d0) 
thrown [/usr/src/debug/java21-openjdk/jdk21u-jdk-21.0.11-10/src/hotspot/share/interpreter/linkResolver.cpp, line 772]
Event: 6.193 Thread 0x00007f5850698c20 Exception <a 'java/lang/NoSuchMethodError'{0x000000074c16aa80}: 'int java.lang.invoke.DirectMethodHandle$Holder.invokeStaticInit(java.lang.Object, java.lang.Object, java.lang.Object, long)'> (0x000000074c16aa80) 
thrown [/usr/src/debug/java21-openjdk/jdk21u-jdk-21.0.11-10/src/hotspot/share/interpreter/linkResolver.cpp, line 772]
Event: 6.451 Thread 0x00007f5850698c20 Exception <a 'java/lang/NoSuchMethodError'{0x00000007fffb7218}: 'void java.lang.System.load(java.lang.String, java.lang.Class)'> (0x00000007fffb7218) 
thrown [/usr/src/debug/java21-openjdk/jdk21u-jdk-21.0.11-10/src/hotspot/share/interpreter/linkResolver.cpp, line 772]
Event: 6.451 Thread 0x00007f5850698c20 Exception <a 'java/lang/NoSuchMethodError'{0x00000007fffb9ec0}: 'void java.lang.System.loadLibrary(java.lang.String, java.lang.Class)'> (0x00000007fffb9ec0) 
thrown [/usr/src/debug/java21-openjdk/jdk21u-jdk-21.0.11-10/src/hotspot/share/interpreter/linkResolver.cpp, line 772]

ZGC Phase Switch (0 events):
No events

VM Operations (20 events):
Event: 11.862 Executing safepoint VM operation: G1TryInitiateConcMark (G1 Humongous Allocation) done
Event: 12.263 Executing safepoint VM operation: G1TryInitiateConcMark (G1 Humongous Allocation)
Event: 12.264 Executing safepoint VM operation: G1TryInitiateConcMark (G1 Humongous Allocation) done
Event: 12.776 Executing safepoint VM operation: G1TryInitiateConcMark (G1 Humongous Allocation)
Event: 12.778 Executing safepoint VM operation: G1TryInitiateConcMark (G1 Humongous Allocation) done
Event: 14.778 Executing safepoint VM operation: Cleanup
Event: 14.778 Executing safepoint VM operation: Cleanup done
Event: 15.778 Executing safepoint VM operation: Cleanup
Event: 15.778 Executing safepoint VM operation: Cleanup done
Event: 15.829 Executing safepoint VM operation: G1TryInitiateConcMark (G1 Humongous Allocation)
Event: 15.832 Executing safepoint VM operation: G1TryInitiateConcMark (G1 Humongous Allocation) done
Event: 16.317 Executing safepoint VM operation: G1TryInitiateConcMark (G1 Humongous Allocation)
Event: 16.318 Executing safepoint VM operation: G1TryInitiateConcMark (G1 Humongous Allocation) done
Event: 16.789 Executing safepoint VM operation: G1TryInitiateConcMark (G1 Humongous Allocation)
Event: 16.790 Executing safepoint VM operation: G1TryInitiateConcMark (G1 Humongous Allocation) done
Event: 17.301 Executing safepoint VM operation: G1TryInitiateConcMark (G1 Humongous Allocation)
Event: 17.302 Executing safepoint VM operation: G1TryInitiateConcMark (G1 Humongous Allocation) done
Event: 18.088 Executing safepoint VM operation: G1TryInitiateConcMark (G1 Humongous Allocation)
Event: 18.090 Executing safepoint VM operation: G1TryInitiateConcMark (G1 Humongous Allocation) done
Event: 18.107 Executing safepoint VM operation: Exit

Memory protections (20 events):
Event: 0.361 Protecting memory [0x00007f57d16f8000,0x00007f57d16fc000] with protection modes 0
Event: 0.579 Protecting memory [0x00007f57d10f2000,0x00007f57d10f6000] with protection modes 0
Event: 0.933 Protecting memory [0x00007f57d0031000,0x00007f57d0035000] with protection modes 0
Event: 0.973 Protecting memory [0x00007f57d2f21000,0x00007f57d2f25000] with protection modes 0
Event: 1.237 Protecting memory [0x00007f579818f000,0x00007f5798193000] with protection modes 0
Event: 1.824 Protecting memory [0x00007f579818f000,0x00007f5798193000] with protection modes 0
Event: 2.976 Protecting memory [0x00007f57d16f8000,0x00007f57d16fc000] with protection modes 0
Event: 5.092 Protecting memory [0x00007f56fbf00000,0x00007f56fbf04000] with protection modes 0
Event: 5.095 Protecting memory [0x00007f57d000e000,0x00007f57d0012000] with protection modes 0
Event: 5.708 Protecting memory [0x00007f56fa300000,0x00007f56fa304000] with protection modes 0
Event: 5.754 Protecting memory [0x00007f56f8494000,0x00007f56f8498000] with protection modes 0
Event: 5.760 Protecting memory [0x00007f56f8393000,0x00007f56f8397000] with protection modes 0
Event: 5.770 Protecting memory [0x00007f56f8292000,0x00007f56f8296000] with protection modes 0
Event: 5.778 Protecting memory [0x00007f56f8056000,0x00007f56f805a000] with protection modes 0
Event: 6.158 Protecting memory [0x00007f56f8494000,0x00007f56f8498000] with protection modes 0
Event: 6.161 Protecting memory [0x00007f56f8292000,0x00007f56f8296000] with protection modes 0
Event: 6.161 Protecting memory [0x00007f56f8393000,0x00007f56f8397000] with protection modes 0
Event: 11.522 Protecting memory [0x00007f5835328000,0x00007f583532c000] with protection modes 0
Event: 18.105 Protecting memory [0x00007f5835328000,0x00007f583532c000] with protection modes 0
Event: 18.105 Protecting memory [0x00007f57d16f8000,0x00007f57d16fc000] with protection modes 0

Nmethod flushes (20 events):
Event: 6.151 Thread 0x00007f585013ece0 flushing  nmethod 0x00007f58384b2490
Event: 6.151 Thread 0x00007f585013ece0 flushing  nmethod 0x00007f58384e2e10
Event: 6.151 Thread 0x00007f585013ece0 flushing  nmethod 0x00007f5838733f90
Event: 6.151 Thread 0x00007f585013ece0 flushing  nmethod 0x00007f5840011990
Event: 6.151 Thread 0x00007f585013ece0 flushing  nmethod 0x00007f5838410b90
Event: 6.151 Thread 0x00007f585013ece0 flushing  nmethod 0x00007f5838432a90
Event: 6.151 Thread 0x00007f585013ece0 flushing  nmethod 0x00007f5838433290
Event: 6.151 Thread 0x00007f585013ece0 flushing  nmethod 0x00007f58384b2b90
Event: 6.151 Thread 0x00007f585013ece0 flushing  nmethod 0x00007f58384b4490
Event: 6.151 Thread 0x00007f585013ece0 flushing  nmethod 0x00007f58384b7f90
Event: 6.151 Thread 0x00007f585013ece0 flushing  nmethod 0x00007f58384b8890
Event: 6.151 Thread 0x00007f585013ece0 flushing  nmethod 0x00007f58384bad10
Event: 6.151 Thread 0x00007f585013ece0 flushing  nmethod 0x00007f583879d090
Event: 6.151 Thread 0x00007f585013ece0 flushing  nmethod 0x00007f5838a79690
Event: 6.151 Thread 0x00007f585013ece0 flushing  nmethod 0x00007f5838404910
Event: 6.151 Thread 0x00007f585013ece0 flushing  nmethod 0x00007f5838439c90
Event: 6.151 Thread 0x00007f585013ece0 flushing  nmethod 0x00007f583843b210
Event: 6.151 Thread 0x00007f585013ece0 flushing  nmethod 0x00007f5838482b90
Event: 6.151 Thread 0x00007f585013ece0 flushing  nmethod 0x00007f58386e6d90
Event: 6.151 Thread 0x00007f585013ece0 flushing  nmethod 0x00007f58387f1290

Events (20 events):
Event: 5.770 Thread 0x00007f57ac1e1d30 Thread added: 0x00007f5774105d10
Event: 5.778 Thread 0x00007f5790000f50 Thread added: 0x00007f578c070040
Event: 6.072 Thread 0x00007f5774105d10 Thread exited: 0x00007f5774105d10
Event: 6.072 Thread 0x00007f57a81925d0 Thread exited: 0x00007f57a81925d0
Event: 6.072 Thread 0x00007f577403ac80 Thread exited: 0x00007f577403ac80
Event: 6.158 Thread 0x00007f57b8087a20 Thread added: 0x00007f57a8192520
Event: 6.161 Thread 0x00007f57ac1e1d30 Thread added: 0x00007f5774105d10
Event: 6.161 Thread 0x00007f57ac1e1d30 Thread added: 0x00007f577403abd0
Event: 6.451 Thread 0x00007f577403abd0 Thread exited: 0x00007f577403abd0
Event: 6.451 Thread 0x00007f57a8192520 Thread exited: 0x00007f57a8192520
Event: 6.451 Thread 0x00007f5774105d10 Thread exited: 0x00007f5774105d10
Event: 10.035 Thread 0x00007f57a816fad0 Thread exited: 0x00007f57a816fad0
Event: 10.035 Thread 0x00007f57ac1e1d30 Thread exited: 0x00007f57ac1e1d30
Event: 10.036 Thread 0x00007f57b8087a20 Thread exited: 0x00007f57b8087a20
Event: 11.522 Thread 0x00007f5850150b90 Thread added: 0x00007f57ac0ca930
Event: 13.624 Thread 0x00007f57ac0ca930 Thread exited: 0x00007f57ac0ca930
Event: 18.105 Thread 0x00007f585014acf0 Thread added: 0x00007f57bc001090
Event: 18.105 Thread 0x00007f57bc001090 Thread added: 0x00007f57a81c9120
Event: 18.106 Thread 0x00007f57a81c9120 Thread exited: 0x00007f57a81c9120
Event: 18.106 Thread 0x00007f57bc001090 Before exit entered


Dynamic libraries:
740a00000-74da00000 rw-p 00000000 00:00 0 
74da00000-7ff800000 ---p 00000000 00:00 0 
7ff800000-7ffe00000 rw-p 00000000 00:00 0 
7ffe00000-7fff0d000 rw-p 00cda000 103:02 7995673                         /usr/lib/jvm/java-21-openjdk/lib/server/classes.jsa
7fff0d000-800000000 rw-p 00000000 00:00 0 
564ed4b83000-564ed4b84000 r--p 00000000 103:02 7995399                   /usr/lib/jvm/java-21-openjdk/bin/java
564ed4b84000-564ed4b85000 r-xp 00001000 103:02 7995399                   /usr/lib/jvm/java-21-openjdk/bin/java
564ed4b85000-564ed4b86000 r--p 00002000 103:02 7995399                   /usr/lib/jvm/java-21-openjdk/bin/java
564ed4b86000-564ed4b87000 r--p 00002000 103:02 7995399                   /usr/lib/jvm/java-21-openjdk/bin/java
564ed4b87000-564ed4b88000 rw-p 00003000 103:02 7995399                   /usr/lib/jvm/java-21-openjdk/bin/java
564efa003000-564efa04e000 rw-p 00000000 00:00 0                          [heap]
7f567e645000-7f567ecd5000 rw-s 164752000 00:07 464                       /dev/dri/renderD128
7f567f339000-7f567f99c000 rw-s 172f15000 00:07 464                       /dev/dri/renderD128
7f567f99d000-7f5680000000 rw-s 152e40000 00:07 464                       /dev/dri/renderD128
7f5680000000-7f5680021000 rw-p 00000000 00:00 0 
7f5680021000-7f5684000000 ---p 00000000 00:00 0 
7f5684000000-7f5684021000 rw-p 00000000 00:00 0 
7f5684021000-7f5688000000 ---p 00000000 00:00 0 
7f5688000000-7f5688021000 rw-p 00000000 00:00 0 
7f5688021000-7f568c000000 ---p 00000000 00:00 0 
7f568c000000-7f568c021000 rw-p 00000000 00:00 0 
7f568c021000-7f5690000000 ---p 00000000 00:00 0 
7f5690000000-7f5690021000 rw-p 00000000 00:00 0 
7f5690021000-7f5694000000 ---p 00000000 00:00 0 
7f5694000000-7f5694021000 rw-p 00000000 00:00 0 
7f5694021000-7f5698000000 ---p 00000000 00:00 0 
7f5698000000-7f5698021000 rw-p 00000000 00:00 0 
7f5698021000-7f569c000000 ---p 00000000 00:00 0 
7f569c000000-7f569c021000 rw-p 00000000 00:00 0 
7f569c021000-7f56a0000000 ---p 00000000 00:00 0 
7f56a0000000-7f56a0021000 rw-p 00000000 00:00 0 
7f56a0021000-7f56a4000000 ---p 00000000 00:00 0 
7f56a4f28000-7f56a8000000 rw-p 00000000 00:00 0 
7f56a8000000-7f56a8021000 rw-p 00000000 00:00 0 
7f56a8021000-7f56ac000000 ---p 00000000 00:00 0 
7f56ac0f2000-7f56afe00000 rw-p 00000000 00:00 0 
7f56afe00000-7f56b0114000 r--p 00000000 103:02 4538574                   /usr/lib/libnvidia-gpucomp.so.595.71.05
7f56b0114000-7f56b4042000 r-xp 00314000 103:02 4538574                   /usr/lib/libnvidia-gpucomp.so.595.71.05
7f56b4042000-7f56b5471000 r--p 04242000 103:02 4538574                   /usr/lib/libnvidia-gpucomp.so.595.71.05
7f56b5471000-7f56b5472000 ---p 05671000 103:02 4538574                   /usr/lib/libnvidia-gpucomp.so.595.71.05
7f56b5472000-7f56b567e000 r--p 05671000 103:02 4538574                   /usr/lib/libnvidia-gpucomp.so.595.71.05
7f56b567e000-7f56b57b8000 rw-p 0587d000 103:02 4538574                   /usr/lib/libnvidia-gpucomp.so.595.71.05
7f56b57b8000-7f56b5864000 rw-p 00000000 00:00 0 
7f56b5a00000-7f56b5c39000 r--p 00000000 103:02 4528011                   /usr/lib/libnvidia-eglcore.so.595.71.05
7f56b5c39000-7f56b68cb000 r-xp 00239000 103:02 4528011                   /usr/lib/libnvidia-eglcore.so.595.71.05
7f56b68cb000-7f56b7c5a000 r--p 00ecb000 103:02 4528011                   /usr/lib/libnvidia-eglcore.so.595.71.05
7f56b7c5a000-7f56b7dcf000 r--p 02259000 103:02 4528011                   /usr/lib/libnvidia-eglcore.so.595.71.05
7f56b7dcf000-7f56b7e22000 rw-p 023ce000 103:02 4528011                   /usr/lib/libnvidia-eglcore.so.595.71.05
7f56b7e22000-7f56b7e39000 rw-p 00000000 00:00 0 
7f56b8000000-7f56b8021000 rw-p 00000000 00:00 0 
7f56b8021000-7f56bc000000 ---p 00000000 00:00 0 
7f56bc0de000-7f56bc2de000 rw-s 170245000 00:07 464                       /dev/dri/renderD128
7f56bc2de000-7f56bcc00000 rw-p 00000000 00:00 0 
7f56bcc00000-7f56bd23c000 rw-s 00000000 00:01 129324                     /memfd:wayland-cursor (deleted)
7f56bd400000-7f56bd4b5000 r--p 00000000 103:02 6574649                   /home/grounzer/.javacpp/cache/ffmpeg-8.0.1-1.5.13-linux-x86_64.jar/org/bytedeco/ffmpeg/linux-x86_64/libavcodec.so.62
7f56bd4b5000-7f56bef91000 r-xp 000b5000 103:02 6574649                   /home/grounzer/.javacpp/cache/ffmpeg-8.0.1-1.5.13-linux-x86_64.jar/org/bytedeco/ffmpeg/linux-x86_64/libavcodec.so.62
7f56bef91000-7f56bf58d000 r--p 01b91000 103:02 6574649                   /home/grounzer/.javacpp/cache/ffmpeg-8.0.1-1.5.13-linux-x86_64.jar/org/bytedeco/ffmpeg/linux-x86_64/libavcodec.so.62
7f56bf58d000-7f56bf61d000 r--p 0218c000 103:02 6574649                   /home/grounzer/.javacpp/cache/ffmpeg-8.0.1-1.5.13-linux-x86_64.jar/org/bytedeco/ffmpeg/linux-x86_64/libavcodec.so.62
7f56bf61d000-7f56bf632000 rw-p 0221c000 103:02 6574649                   /home/grounzer/.javacpp/cache/ffmpeg-8.0.1-1.5.13-linux-x86_64.jar/org/bytedeco/ffmpeg/linux-x86_64/libavcodec.so.62
7f56bf632000-7f56bfe1c000 rw-p 00000000 00:00 0 
7f56c0000000-7f56c036b000 rw-p 00000000 00:00 0 
7f56c036b000-7f56c4000000 ---p 00000000 00:00 0 
7f56c4000000-7f56c43ea000 rw-p 00000000 00:00 0 
7f56c43ea000-7f56c8000000 ---p 00000000 00:00 0 
7f56c8000000-7f56c8021000 rw-p 00000000 00:00 0 
7f56c8021000-7f56cc000000 ---p 00000000 00:00 0 
7f56cc000000-7f56cc339000 rw-p 00000000 00:00 0 
7f56cc339000-7f56d0000000 ---p 00000000 00:00 0 
7f56d0000000-7f56d0021000 rw-p 00000000 00:00 0 
7f56d0021000-7f56d4000000 ---p 00000000 00:00 0 
7f56d4000000-7f56d4021000 rw-p 00000000 00:00 0 
7f56d4021000-7f56d8000000 ---p 00000000 00:00 0 
7f56d8000000-7f56d8021000 rw-p 00000000 00:00 0 
7f56d8021000-7f56dc000000 ---p 00000000 00:00 0 
7f56dc000000-7f56dc021000 rw-p 00000000 00:00 0 
7f56dc021000-7f56e0000000 ---p 00000000 00:00 0 
7f56e0000000-7f56e0021000 rw-p 00000000 00:00 0 
7f56e0021000-7f56e4000000 ---p 00000000 00:00 0 
7f56e4020000-7f56e4200000 rw-s 133667000 00:07 464                       /dev/dri/renderD128
7f56e4400000-7f56e4601000 rw-s 00000000 103:02 5506072                   /home/grounzer/.cache/mesa_shader_cache/index
7f56e46cc000-7f56e4700000 r--p 00000000 103:02 4480992                   /usr/lib/libEGL_nvidia.so.595.71.05
7f56e4700000-7f56e4796000 r-xp 00034000 103:02 4480992                   /usr/lib/libEGL_nvidia.so.595.71.05
7f56e4796000-7f56e47e9000 r--p 000ca000 103:02 4480992                   /usr/lib/libEGL_nvidia.so.595.71.05
7f56e47e9000-7f56e47ea000 ---p 0011d000 103:02 4480992                   /usr/lib/libEGL_nvidia.so.595.71.05
7f56e47ea000-7f56e47f2000 r--p 0011d000 103:02 4480992                   /usr/lib/libEGL_nvidia.so.595.71.05
7f56e47f2000-7f56e4808000 rw-p 00125000 103:02 4480992                   /usr/lib/libEGL_nvidia.so.595.71.05
7f56e4808000-7f56e480d000 rw-p 00000000 00:00 0 
7f56e480d000-7f56e499c000 rw-s 00000000 00:01 129323                     /memfd:wayland-cursor (deleted)
7f56e499c000-7f56e5000000 rw-p 00000000 00:00 0 
7f56e5000000-7f56e50a4000 r--p 00000000 103:02 6574638                   /home/grounzer/.javacpp/cache/ffmpeg-8.0.1-1.5.13-linux-x86_64.jar/org/bytedeco/ffmpeg/linux-x86_64/libavutil.so.60
7f56e50a4000-7f56e54b2000 r-xp 000a4000 103:02 6574638                   /home/grounzer/.javacpp/cache/ffmpeg-8.0.1-1.5.13-linux-x86_64.jar/org/bytedeco/ffmpeg/linux-x86_64/libavutil.so.60
7f56e54b2000-7f56e55f3000 r--p 004b2000 103:02 6574638                   /home/grounzer/.javacpp/cache/ffmpeg-8.0.1-1.5.13-linux-x86_64.jar/org/bytedeco/ffmpeg/linux-x86_64/libavutil.so.60
7f56e55f3000-7f56e567e000 r--p 005f2000 103:02 6574638                   /home/grounzer/.javacpp/cache/ffmpeg-8.0.1-1.5.13-linux-x86_64.jar/org/bytedeco/ffmpeg/linux-x86_64/libavutil.so.60
7f56e567e000-7f56e5682000 rw-p 0067d000 103:02 6574638                   /home/grounzer/.javacpp/cache/ffmpeg-8.0.1-1.5.13-linux-x86_64.jar/org/bytedeco/ffmpeg/linux-x86_64/libavutil.so.60
7f56e5682000-7f56e6694000 rw-p 00000000 00:00 0 
7f56e66d2000-7f56e66e7000 r-xp 00000000 00:2c 11342                      /tmp/lwjgl_grounzer/3.4.1+2/x64/liblwjgl_opengl.so
7f56e66e7000-7f56e672a000 r--p 00015000 00:2c 11342                      /tmp/lwjgl_grounzer/3.4.1+2/x64/liblwjgl_opengl.so
7f56e672a000-7f56e672b000 r--p 00057000 00:2c 11342                      /tmp/lwjgl_grounzer/3.4.1+2/x64/liblwjgl_opengl.so
7f56e672b000-7f56e672c000 rw-p 00058000 00:2c 11342                      /tmp/lwjgl_grounzer/3.4.1+2/x64/liblwjgl_opengl.so
7f56e672c000-7f56e6733000 r--p 00000000 103:02 4524341                   /usr/lib/libEGL_mesa.so.0.0.0
7f56e6733000-7f56e6771000 r-xp 00007000 103:02 4524341                   /usr/lib/libEGL_mesa.so.0.0.0
7f56e6771000-7f56e6785000 r--p 00045000 103:02 4524341                   /usr/lib/libEGL_mesa.so.0.0.0
7f56e6785000-7f56e6792000 r--p 00058000 103:02 4524341                   /usr/lib/libEGL_mesa.so.0.0.0
7f56e6792000-7f56e6793000 rw-p 00065000 103:02 4524341                   /usr/lib/libEGL_mesa.so.0.0.0
7f56e6793000-7f56e6794000 rw-p 00000000 00:00 0 
7f56e6794000-7f56e8000000 rw-p 00000000 00:00 0 
7f56e8000000-7f56e8021000 rw-p 00000000 00:00 0 
7f56e8021000-7f56ec000000 ---p 00000000 00:00 0 
7f56ec000000-7f56ec021000 rw-p 00000000 00:00 0 
7f56ec021000-7f56f0000000 ---p 00000000 00:00 0 
7f56f0000000-7f56f0021000 rw-p 00000000 00:00 0 
7f56f0021000-7f56f4000000 ---p 00000000 00:00 0 
7f56f4000000-7f56f4021000 rw-p 00000000 00:00 0 
7f56f4021000-7f56f8000000 ---p 00000000 00:00 0 
7f56f8055000-7f56f8056000 rw-p 00000000 00:00 0 
7f56f8056000-7f56f805a000 ---p 00000000 00:00 0 
7f56f805a000-7f56f8156000 rw-p 00000000 00:00 0 
7f56f8156000-7f56f81b5000 r--p 00000000 103:02 6574641                   /home/grounzer/.javacpp/cache/ffmpeg-8.0.1-1.5.13-linux-x86_64.jar/org/bytedeco/ffmpeg/linux-x86_64/libjniavutil.so
7f56f81b5000-7f56f8247000 r-xp 0005f000 103:02 6574641                   /home/grounzer/.javacpp/cache/ffmpeg-8.0.1-1.5.13-linux-x86_64.jar/org/bytedeco/ffmpeg/linux-x86_64/libjniavutil.so
7f56f8247000-7f56f8283000 r--p 000f1000 103:02 6574641                   /home/grounzer/.javacpp/cache/ffmpeg-8.0.1-1.5.13-linux-x86_64.jar/org/bytedeco/ffmpeg/linux-x86_64/libjniavutil.so
7f56f8283000-7f56f828e000 r--p 0012c000 103:02 6574641                   /home/grounzer/.javacpp/cache/ffmpeg-8.0.1-1.5.13-linux-x86_64.jar/org/bytedeco/ffmpeg/linux-x86_64/libjniavutil.so
7f56f828e000-7f56f8290000 rw-p 00137000 103:02 6574641                   /home/grounzer/.javacpp/cache/ffmpeg-8.0.1-1.5.13-linux-x86_64.jar/org/bytedeco/ffmpeg/linux-x86_64/libjniavutil.so
7f56f8290000-7f56f8291000 rw-p 00000000 00:00 0 
7f56f8291000-7f56f8292000 rw-p 00000000 00:00 0 
7f56f8292000-7f56f8296000 ---p 00000000 00:00 0 
7f56f8296000-7f56f8393000 rw-p 00000000 00:00 0 
7f56f8393000-7f56f8397000 ---p 00000000 00:00 0 
7f56f8397000-7f56f8494000 rw-p 00000000 00:00 0 
7f56f8494000-7f56f8498000 ---p 00000000 00:00 0 
7f56f8498000-7f56f8594000 rw-p 00000000 00:00 0 
7f56f8594000-7f56f8794000 rw-s 14e800000 00:07 464                       /dev/dri/renderD128
7f56f8794000-7f56fa000000 rw-p 00000000 00:00 0 
7f56fa000000-7f56fa200000 rw-s 14ea40000 00:07 464                       /dev/dri/renderD128
7f56fa205000-7f56fa208000 r--p 00000000 103:02 6574652                   /home/grounzer/.javacpp/cache/ffmpeg-8.0.1-1.5.13-linux-x86_64.jar/org/bytedeco/ffmpeg/linux-x86_64/libswscale.so.9
7f56fa208000-7f56fa2a3000 r-xp 00003000 103:02 6574652                   /home/grounzer/.javacpp/cache/ffmpeg-8.0.1-1.5.13-linux-x86_64.jar/org/bytedeco/ffmpeg/linux-x86_64/libswscale.so.9
7f56fa2a3000-7f56fa2b8000 r--p 0009e000 103:02 6574652                   /home/grounzer/.javacpp/cache/ffmpeg-8.0.1-1.5.13-linux-x86_64.jar/org/bytedeco/ffmpeg/linux-x86_64/libswscale.so.9
7f56fa2b8000-7f56fa2ba000 r--p 000b2000 103:02 6574652                   /home/grounzer/.javacpp/cache/ffmpeg-8.0.1-1.5.13-linux-x86_64.jar/org/bytedeco/ffmpeg/linux-x86_64/libswscale.so.9
7f56fa2ba000-7f56fa2bb000 rw-p 000b4000 103:02 6574652                   /home/grounzer/.javacpp/cache/ffmpeg-8.0.1-1.5.13-linux-x86_64.jar/org/bytedeco/ffmpeg/linux-x86_64/libswscale.so.9
7f56fa2bb000-7f56fa2ff000 rw-p 00000000 00:00 0 
7f56fa2ff000-7f56fa300000 rw-p 00000000 00:00 0 
7f56fa300000-7f56fa304000 ---p 00000000 00:00 0 
7f56fa304000-7f56fa400000 rw-p 00000000 00:00 0 
7f56fa400000-7f56fa600000 rw-s 153a30000 00:07 464                       /dev/dri/renderD128
7f56fa600000-7f56fa800000 rw-s 16df7b000 00:07 464                       /dev/dri/renderD128
7f56faa00000-7f56fbe2d000 r--p 00000000 103:02 6426318                   /usr/local/share/fonts/犬/犬神志_莫尔圆M.ttf
7f56fbe63000-7f56fbe73000 r--p 00000000 103:02 4538568                   /usr/lib/libnvidia-glsi.so.595.71.05
7f56fbe73000-7f56fbed3000 r-xp 00010000 103:02 4538568                   /usr/lib/libnvidia-glsi.so.595.71.05
7f56fbed3000-7f56fbef0000 r--p 00070000 103:02 4538568                   /usr/lib/libnvidia-glsi.so.595.71.05
7f56fbef0000-7f56fbef6000 r--p 0008c000 103:02 4538568                   /usr/lib/libnvidia-glsi.so.595.71.05
7f56fbef6000-7f56fbef7000 rw-p 00092000 103:02 4538568                   /usr/lib/libnvidia-glsi.so.595.71.05
7f56fbef7000-7f56fbeff000 rw-p 00000000 00:00 0 
7f56fbeff000-7f56fbf00000 rw-p 00000000 00:00 0 
7f56fbf00000-7f56fbf04000 ---p 00000000 00:00 0 
7f56fbf04000-7f56fc000000 rw-p 00000000 00:00 0 
7f56fc000000-7f56fc021000 rw-p 00000000 00:00 0 
7f56fc021000-7f5700000000 ---p 00000000 00:00 0 
7f5700000000-7f570042f000 rw-p 00000000 00:00 0 
7f570042f000-7f5704000000 ---p 00000000 00:00 0 
7f5704000000-7f5704021000 rw-p 00000000 00:00 0 
7f5704021000-7f5708000000 ---p 00000000 00:00 0 
7f5708000000-7f5708021000 rw-p 00000000 00:00 0 
7f5708021000-7f570c000000 ---p 00000000 00:00 0 
7f570c000000-7f570c021000 rw-p 00000000 00:00 0 
7f570c021000-7f5710000000 ---p 00000000 00:00 0 
7f5710000000-7f5710021000 rw-p 00000000 00:00 0 
7f5710021000-7f5714000000 ---p 00000000 00:00 0 
7f5714000000-7f5714021000 rw-p 00000000 00:00 0 
7f5714021000-7f5718000000 ---p 00000000 00:00 0 
7f5718000000-7f5718021000 rw-p 00000000 00:00 0 
7f5718021000-7f571c000000 ---p 00000000 00:00 0 
7f571c000000-7f571c021000 rw-p 00000000 00:00 0 
7f571c021000-7f5720000000 ---p 00000000 00:00 0 
7f5720000000-7f57200ae000 rw-p 00000000 00:00 0 
7f57200ae000-7f5724000000 ---p 00000000 00:00 0 
7f5724000000-7f5724021000 rw-p 00000000 00:00 0 
7f5724021000-7f5728000000 ---p 00000000 00:00 0 
7f5728000000-7f5728021000 rw-p 00000000 00:00 0 
7f5728021000-7f572c000000 ---p 00000000 00:00 0 
7f572c000000-7f572c021000 rw-p 00000000 00:00 0 
7f572c021000-7f5730000000 ---p 00000000 00:00 0 
7f5730054000-7f5730079000 r-xp 00000000 00:2c 23315                      /tmp/lwjgl_grounzer/3.4.1+2/x64/libglfw.so
7f5730079000-7f57300c8000 r--p 00025000 00:2c 23315                      /tmp/lwjgl_grounzer/3.4.1+2/x64/libglfw.so
7f57300c8000-7f57300cc000 r--p 00074000 00:2c 23315                      /tmp/lwjgl_grounzer/3.4.1+2/x64/libglfw.so
7f57300cc000-7f57300cf000 rw-p 00078000 00:2c 23315                      /tmp/lwjgl_grounzer/3.4.1+2/x64/libglfw.so
7f57300cf000-7f57300f2000 rw-p 00000000 00:00 0 
7f57300f2000-7f57302f2000 rw-s 123f17000 00:07 464                       /dev/dri/renderD128
7f57302f2000-7f5734000000 rw-p 00000000 00:00 0 
7f5734000000-7f5734047000 rw-p 00000000 00:00 0 
7f5734047000-7f5738000000 ---p 00000000 00:00 0 
7f5738000000-7f5738021000 rw-p 00000000 00:00 0 
7f5738021000-7f573c000000 ---p 00000000 00:00 0 
7f573c000000-7f573c021000 rw-p 00000000 00:00 0 
7f573c021000-7f5740000000 ---p 00000000 00:00 0 
7f5740000000-7f57400c2000 rw-p 00000000 00:00 0 
7f57400c2000-7f5744000000 ---p 00000000 00:00 0 
7f5744000000-7f5744021000 rw-p 00000000 00:00 0 
7f5744021000-7f5748000000 ---p 00000000 00:00 0 
7f574805d000-7f574a600000 rw-p 00000000 00:00 0 
7f574a600000-7f574ab5b000 r--p 00000000 103:02 4531480                   /usr/lib/libLLVM.so.22.1
7f574ab5b000-7f5750809000 r-xp 0055b000 103:02 4531480                   /usr/lib/libLLVM.so.22.1
7f5750809000-7f5754757000 r--p 06209000 103:02 4531480                   /usr/lib/libLLVM.so.22.1
7f5754757000-7f5754973000 r--p 0a157000 103:02 4531480                   /usr/lib/libLLVM.so.22.1
7f5754973000-7f575497d000 rw-p 0a373000 103:02 4531480                   /usr/lib/libLLVM.so.22.1
7f575497d000-7f5754a4d000 rw-p 00000000 00:00 0 
7f5754a6e000-7f5754a70000 r--p 00000000 103:02 4496853                   /usr/lib/libEGL.so.1.1.0
7f5754a70000-7f5754a7a000 r-xp 00002000 103:02 4496853                   /usr/lib/libEGL.so.1.1.0
7f5754a7a000-7f5754a7e000 r--p 0000c000 103:02 4496853                   /usr/lib/libEGL.so.1.1.0
7f5754a7e000-7f5754a7f000 r--p 0000f000 103:02 4496853                   /usr/lib/libEGL.so.1.1.0
7f5754a7f000-7f5754a80000 rw-p 00010000 103:02 4496853                   /usr/lib/libEGL.so.1.1.0
7f5754a80000-7f5754ab5000 r-xp 00000000 00:2c 11341                      /tmp/lwjgl_grounzer/3.4.1+2/x64/liblwjgl.so
7f5754ab5000-7f5754afd000 r--p 00035000 00:2c 11341                      /tmp/lwjgl_grounzer/3.4.1+2/x64/liblwjgl.so
7f5754afd000-7f5754afe000 r--p 0007c000 00:2c 11341                      /tmp/lwjgl_grounzer/3.4.1+2/x64/liblwjgl.so
7f5754afe000-7f5754aff000 rw-p 0007d000 00:2c 11341                      /tmp/lwjgl_grounzer/3.4.1+2/x64/liblwjgl.so
7f5754aff000-7f5754c00000 rw-p 00000000 00:00 0 
7f5754c00000-7f5754c1a000 r--p 00000000 103:02 4530643                   /usr/lib/libgallium-26.0.6-arch1.1.so
7f5754c1a000-7f5756aa3000 r-xp 0001a000 103:02 4530643                   /usr/lib/libgallium-26.0.6-arch1.1.so
7f5756aa3000-7f5757bf9000 r--p 01ea3000 103:02 4530643                   /usr/lib/libgallium-26.0.6-arch1.1.so
7f5757bf9000-7f5757d57000 r--p 02ff9000 103:02 4530643                   /usr/lib/libgallium-26.0.6-arch1.1.so
7f5757d57000-7f5757d8b000 rw-p 03157000 103:02 4530643                   /usr/lib/libgallium-26.0.6-arch1.1.so
7f5757d8b000-7f5757f58000 rw-p 00000000 00:00 0 
7f5757f66000-7f5757f8e000 r--p 00000000 103:02 6574651                   /home/grounzer/.javacpp/cache/ffmpeg-8.0.1-1.5.13-linux-x86_64.jar/org/bytedeco/ffmpeg/linux-x86_64/libjniavcodec.so
7f5757f8e000-7f5757fc8000 r-xp 00028000 103:02 6574651                   /home/grounzer/.javacpp/cache/ffmpeg-8.0.1-1.5.13-linux-x86_64.jar/org/bytedeco/ffmpeg/linux-x86_64/libjniavcodec.so
7f5757fc8000-7f5757feb000 r--p 00062000 103:02 6574651                   /home/grounzer/.javacpp/cache/ffmpeg-8.0.1-1.5.13-linux-x86_64.jar/org/bytedeco/ffmpeg/linux-x86_64/libjniavcodec.so
7f5757feb000-7f5757fec000 ---p 00085000 103:02 6574651                   /home/grounzer/.javacpp/cache/ffmpeg-8.0.1-1.5.13-linux-x86_64.jar/org/bytedeco/ffmpeg/linux-x86_64/libjniavcodec.so
7f5757fec000-7f5757ffe000 r--p 00085000 103:02 6574651                   /home/grounzer/.javacpp/cache/ffmpeg-8.0.1-1.5.13-linux-x86_64.jar/org/bytedeco/ffmpeg/linux-x86_64/libjniavcodec.so
7f5757ffe000-7f5757fff000 rw-p 00097000 103:02 6574651                   /home/grounzer/.javacpp/cache/ffmpeg-8.0.1-1.5.13-linux-x86_64.jar/org/bytedeco/ffmpeg/linux-x86_64/libjniavcodec.so
7f5757fff000-7f5758021000 rw-p 00000000 00:00 0 
7f5758021000-7f575c000000 ---p 00000000 00:00 0 
7f575c000000-7f575c021000 rw-p 00000000 00:00 0 
7f575c021000-7f5760000000 ---p 00000000 00:00 0 
7f5760000000-7f5760021000 rw-p 00000000 00:00 0 
7f5760021000-7f5764000000 ---p 00000000 00:00 0 
7f5764000000-7f5764021000 rw-p 00000000 00:00 0 
7f5764021000-7f5768000000 ---p 00000000 00:00 0 
7f5768000000-7f576805d000 rw-p 00000000 00:00 0 
7f576805d000-7f576c000000 ---p 00000000 00:00 0 
7f576c000000-7f576c021000 rw-p 00000000 00:00 0 
7f576c021000-7f5770000000 ---p 00000000 00:00 0 
7f5770000000-7f5770179000 rw-p 00000000 00:00 0 
7f5770179000-7f5774000000 ---p 00000000 00:00 0 
7f5774000000-7f5774177000 rw-p 00000000 00:00 0 
7f5774177000-7f5778000000 ---p 00000000 00:00 0 
7f5778000000-7f5778021000 rw-p 00000000 00:00 0 
7f5778021000-7f577c000000 ---p 00000000 00:00 0 
7f577c000000-7f577fc18000 rw-p 00000000 00:00 0 
7f577fc18000-7f5780000000 ---p 00000000 00:00 0 
7f5780000000-7f5780021000 rw-p 00000000 00:00 0 
7f5780021000-7f5784000000 ---p 00000000 00:00 0 
7f5784000000-7f5784021000 rw-p 00000000 00:00 0 
7f5784021000-7f5788000000 ---p 00000000 00:00 0 
7f5788000000-7f5788021000 rw-p 00000000 00:00 0 
7f5788021000-7f578c000000 ---p 00000000 00:00 0 
7f578c000000-7f578cc1f000 rw-p 00000000 00:00 0 
7f578cc1f000-7f5790000000 ---p 00000000 00:00 0 
7f5790000000-7f579005b000 rw-p 00000000 00:00 0 
7f579005b000-7f5794000000 ---p 00000000 00:00 0 
7f5794000000-7f5794021000 rw-p 00000000 00:00 0 
7f5794021000-7f5798000000 ---p 00000000 00:00 0 
7f579804a000-7f579804e000 r--p 00000000 103:02 4984383                   /usr/lib/libdecor/plugins-1/libdecor-cairo.so
7f579804e000-7f5798054000 r-xp 00004000 103:02 4984383                   /usr/lib/libdecor/plugins-1/libdecor-cairo.so
7f5798054000-7f5798056000 r--p 0000a000 103:02 4984383                   /usr/lib/libdecor/plugins-1/libdecor-cairo.so
7f5798056000-7f5798059000 r--p 0000b000 103:02 4984383                   /usr/lib/libdecor/plugins-1/libdecor-cairo.so
7f5798059000-7f579805a000 rw-p 0000e000 103:02 4984383                   /usr/lib/libdecor/plugins-1/libdecor-cairo.so
7f5798064000-7f5798066000 r--p 00000000 103:02 4543585                   /usr/lib/libgbm.so.1.0.0
7f5798066000-7f5798067000 r-xp 00002000 103:02 4543585                   /usr/lib/libgbm.so.1.0.0
7f5798067000-7f5798068000 r--p 00003000 103:02 4543585                   /usr/lib/libgbm.so.1.0.0
7f5798068000-7f5798069000 r--p 00003000 103:02 4543585                   /usr/lib/libgbm.so.1.0.0
7f5798069000-7f579806a000 rw-p 00004000 103:02 4543585                   /usr/lib/libgbm.so.1.0.0
7f579806a000-7f5798073000 r--p 00000000 103:02 6574655                   /home/grounzer/.javacpp/cache/ffmpeg-8.0.1-1.5.13-linux-x86_64.jar/org/bytedeco/ffmpeg/linux-x86_64/libjniswscale.so
7f5798073000-7f5798083000 r-xp 00009000 103:02 6574655                   /home/grounzer/.javacpp/cache/ffmpeg-8.0.1-1.5.13-linux-x86_64.jar/org/bytedeco/ffmpeg/linux-x86_64/libjniswscale.so
7f5798083000-7f579808a000 r--p 00019000 103:02 6574655                   /home/grounzer/.javacpp/cache/ffmpeg-8.0.1-1.5.13-linux-x86_64.jar/org/bytedeco/ffmpeg/linux-x86_64/libjniswscale.so
7f579808a000-7f579808c000 r--p 0001f000 103:02 6574655                   /home/grounzer/.javacpp/cache/ffmpeg-8.0.1-1.5.13-linux-x86_64.jar/org/bytedeco/ffmpeg/linux-x86_64/libjniswscale.so
7f579808c000-7f579808d000 rw-p 00021000 103:02 6574655                   /home/grounzer/.javacpp/cache/ffmpeg-8.0.1-1.5.13-linux-x86_64.jar/org/bytedeco/ffmpeg/linux-x86_64/libjniswscale.so
7f579808d000-7f579818f000 rw-p 00000000 00:00 0 
7f579818f000-7f5798193000 ---p 00000000 00:00 0 
7f5798193000-7f579a000000 rw-p 00000000 00:00 0 
7f579a000000-7f579bf94000 r--p 00000000 103:02 4474245                   /usr/lib/libicudata.so.78.3
7f579bf94000-7f579bf95000 r--p 01f93000 103:02 4474245                   /usr/lib/libicudata.so.78.3
7f579bf99000-7f579bf9f000 r--p 00000000 103:02 6574647                   /home/grounzer/.javacpp/cache/ffmpeg-8.0.1-1.5.13-linux-x86_64.jar/org/bytedeco/ffmpeg/linux-x86_64/libjniswresample.so
7f579bf9f000-7f579bfa9000 r-xp 00006000 103:02 6574647                   /home/grounzer/.javacpp/cache/ffmpeg-8.0.1-1.5.13-linux-x86_64.jar/org/bytedeco/ffmpeg/linux-x86_64/libjniswresample.so
7f579bfa9000-7f579bfad000 r--p 00010000 103:02 6574647                   /home/grounzer/.javacpp/cache/ffmpeg-8.0.1-1.5.13-linux-x86_64.jar/org/bytedeco/ffmpeg/linux-x86_64/libjniswresample.so
7f579bfad000-7f579bfae000 ---p 00014000 103:02 6574647                   /home/grounzer/.javacpp/cache/ffmpeg-8.0.1-1.5.13-linux-x86_64.jar/org/bytedeco/ffmpeg/linux-x86_64/libjniswresample.so
7f579bfae000-7f579bfaf000 r--p 00014000 103:02 6574647                   /home/grounzer/.javacpp/cache/ffmpeg-8.0.1-1.5.13-linux-x86_64.jar/org/bytedeco/ffmpeg/linux-x86_64/libjniswresample.so
7f579bfaf000-7f579bfb0000 rw-p 00015000 103:02 6574647                   /home/grounzer/.javacpp/cache/ffmpeg-8.0.1-1.5.13-linux-x86_64.jar/org/bytedeco/ffmpeg/linux-x86_64/libjniswresample.so
7f579bfb0000-7f579bfb3000 r--p 00000000 103:02 6574643                   /home/grounzer/.javacpp/cache/ffmpeg-8.0.1-1.5.13-linux-x86_64.jar/org/bytedeco/ffmpeg/linux-x86_64/libswresample.so.6
7f579bfb3000-7f579bfc7000 r-xp 00003000 103:02 6574643                   /home/grounzer/.javacpp/cache/ffmpeg-8.0.1-1.5.13-linux-x86_64.jar/org/bytedeco/ffmpeg/linux-x86_64/libswresample.so.6
7f579bfc7000-7f579bfcc000 r--p 00017000 103:02 6574643                   /home/grounzer/.javacpp/cache/ffmpeg-8.0.1-1.5.13-linux-x86_64.jar/org/bytedeco/ffmpeg/linux-x86_64/libswresample.so.6
7f579bfcc000-7f579bfce000 r--p 0001b000 103:02 6574643                   /home/grounzer/.javacpp/cache/ffmpeg-8.0.1-1.5.13-linux-x86_64.jar/org/bytedeco/ffmpeg/linux-x86_64/libswresample.so.6
7f579bfce000-7f579bfcf000 rw-p 0001d000 103:02 6574643                   /home/grounzer/.javacpp/cache/ffmpeg-8.0.1-1.5.13-linux-x86_64.jar/org/bytedeco/ffmpeg/linux-x86_64/libswresample.so.6
7f579bfcf000-7f579bfd2000 r--p 00000000 103:02 6574628                   /home/grounzer/.javacpp/cache/ffmpeg-8.0.1-1.5.13-linux-x86_64.jar/org/bytedeco/ffmpeg/linux-x86_64/libva.so.2
7f579bfd2000-7f579bfec000 r-xp 00003000 103:02 6574628                   /home/grounzer/.javacpp/cache/ffmpeg-8.0.1-1.5.13-linux-x86_64.jar/org/bytedeco/ffmpeg/linux-x86_64/libva.so.2
7f579bfec000-7f579bffd000 r--p 0001d000 103:02 6574628                   /home/grounzer/.javacpp/cache/ffmpeg-8.0.1-1.5.13-linux-x86_64.jar/org/bytedeco/ffmpeg/linux-x86_64/libva.so.2
7f579bffd000-7f579bffe000 ---p 0002e000 103:02 6574628                   /home/grounzer/.javacpp/cache/ffmpeg-8.0.1-1.5.13-linux-x86_64.jar/org/bytedeco/ffmpeg/linux-x86_64/libva.so.2
7f579bffe000-7f579bfff000 r--p 0002e000 103:02 6574628                   /home/grounzer/.javacpp/cache/ffmpeg-8.0.1-1.5.13-linux-x86_64.jar/org/bytedeco/ffmpeg/linux-x86_64/libva.so.2
7f579bfff000-7f579c000000 rw-p 0002f000 103:02 6574628                   /home/grounzer/.javacpp/cache/ffmpeg-8.0.1-1.5.13-linux-x86_64.jar/org/bytedeco/ffmpeg/linux-x86_64/libva.so.2
7f579c000000-7f579d3f0000 rw-p 00000000 00:00 0 
7f579d3f0000-7f57a0000000 ---p 00000000 00:00 0 
7f57a0000000-7f57a0042000 rw-p 00000000 00:00 0 
7f57a0042000-7f57a4000000 ---p 00000000 00:00 0 
7f57a4000000-7f57a4021000 rw-p 00000000 00:00 0 
7f57a4021000-7f57a8000000 ---p 00000000 00:00 0 
7f57a8000000-7f57a820a000 rw-p 00000000 00:00 0 
7f57a820a000-7f57ac000000 ---p 00000000 00:00 0 
7f57ac000000-7f57ac30b000 rw-p 00000000 00:00 0 
7f57ac30b000-7f57b0000000 ---p 00000000 00:00 0 
7f57b0000000-7f57b0021000 rw-p 00000000 00:00 0 
7f57b0021000-7f57b4000000 ---p 00000000 00:00 0 
7f57b4000000-7f57b4021000 rw-p 00000000 00:00 0 
7f57b4021000-7f57b8000000 ---p 00000000 00:00 0 
7f57b8000000-7f57b8f82000 rw-p 00000000 00:00 0 
7f57b8f82000-7f57bc000000 ---p 00000000 00:00 0 
7f57bc000000-7f57bc021000 rw-p 00000000 00:00 0 
7f57bc021000-7f57c0000000 ---p 00000000 00:00 0 
7f57c0000000-7f57c0021000 rw-p 00000000 00:00 0 
7f57c0021000-7f57c4000000 ---p 00000000 00:00 0 
7f57c4000000-7f57c4021000 rw-p 00000000 00:00 0 
7f57c4021000-7f57c8000000 ---p 00000000 00:00 0 
7f57c8000000-7f57c8021000 rw-p 00000000 00:00 0 
7f57c8021000-7f57cc000000 ---p 00000000 00:00 0 
7f57cc000000-7f57cc025000 rw-p 00000000 00:00 0 
7f57cc025000-7f57d0000000 ---p 00000000 00:00 0 
7f57d0003000-7f57d0006000 r--p 00000000 103:02 4507479                   /usr/lib/libdecor-0.so.0.200.5
7f57d0006000-7f57d0009000 r-xp 00003000 103:02 4507479                   /usr/lib/libdecor-0.so.0.200.5
7f57d0009000-7f57d000b000 r--p 00006000 103:02 4507479                   /usr/lib/libdecor-0.so.0.200.5
7f57d000b000-7f57d000c000 r--p 00007000 103:02 4507479                   /usr/lib/libdecor-0.so.0.200.5
7f57d000c000-7f57d000d000 rw-p 00008000 103:02 4507479                   /usr/lib/libdecor-0.so.0.200.5
7f57d000d000-7f57d000e000 rw-p 00000000 00:00 0 
7f57d000e000-7f57d0012000 ---p 00000000 00:00 0 
7f57d0012000-7f57d0031000 rw-p 00000000 00:00 0 
7f57d0031000-7f57d0035000 ---p 00000000 00:00 0 
7f57d0035000-7f57d0131000 rw-p 00000000 00:00 0 
7f57d0131000-7f57d0331000 rw-s 15c5d9000 00:07 464                       /dev/dri/renderD128
7f57d0331000-7f57d0400000 rw-p 00000000 00:00 0 
7f57d0400000-7f57d0600000 rw-s 15a587000 00:07 464                       /dev/dri/renderD128
7f57d0600000-7f57d0800000 rw-s 10f4de000 00:07 464                       /dev/dri/renderD128
7f57d0800000-7f57d0a01000 rw-s 00000000 103:02 5506072                   /home/grounzer/.cache/mesa_shader_cache/index
7f57d0a02000-7f57d0a07000 r--p 00000000 103:02 6574631                   /home/grounzer/.javacpp/cache/ffmpeg-8.0.1-1.5.13-linux-x86_64.jar/org/bytedeco/ffmpeg/linux-x86_64/libdrm.so.2
7f57d0a07000-7f57d0a12000 r-xp 00005000 103:02 6574631                   /home/grounzer/.javacpp/cache/ffmpeg-8.0.1-1.5.13-linux-x86_64.jar/org/bytedeco/ffmpeg/linux-x86_64/libdrm.so.2
7f57d0a12000-7f57d0a16000 r--p 00010000 103:02 6574631                   /home/grounzer/.javacpp/cache/ffmpeg-8.0.1-1.5.13-linux-x86_64.jar/org/bytedeco/ffmpeg/linux-x86_64/libdrm.so.2
7f57d0a16000-7f57d0a17000 r--p 00013000 103:02 6574631                   /home/grounzer/.javacpp/cache/ffmpeg-8.0.1-1.5.13-linux-x86_64.jar/org/bytedeco/ffmpeg/linux-x86_64/libdrm.so.2
7f57d0a17000-7f57d0a18000 rw-p 00014000 103:02 6574631                   /home/grounzer/.javacpp/cache/ffmpeg-8.0.1-1.5.13-linux-x86_64.jar/org/bytedeco/ffmpeg/linux-x86_64/libdrm.so.2
7f57d0a18000-7f57d0aee000 rw-p 00000000 00:00 0 
7f57d0aee000-7f57d0afb000 r--p 00000000 103:02 4460732                   /usr/lib/libncursesw.so.6.6
7f57d0afb000-7f57d0b43000 r-xp 0000d000 103:02 4460732                   /usr/lib/libncursesw.so.6.6
7f57d0b43000-7f57d0b59000 r--p 00055000 103:02 4460732                   /usr/lib/libncursesw.so.6.6
7f57d0b59000-7f57d0b5e000 r--p 0006a000 103:02 4460732                   /usr/lib/libncursesw.so.6.6
7f57d0b5e000-7f57d0b5f000 rw-p 0006f000 103:02 4460732                   /usr/lib/libncursesw.so.6.6
7f57d0b5f000-7f57d0b65000 r--p 00000000 103:02 4496693                   /usr/lib/libedit.so.0.0.76
7f57d0b65000-7f57d0b85000 r-xp 00006000 103:02 4496693                   /usr/lib/libedit.so.0.0.76
7f57d0b85000-7f57d0b92000 r--p 00026000 103:02 4496693                   /usr/lib/libedit.so.0.0.76
7f57d0b92000-7f57d0b94000 r--p 00033000 103:02 4496693                   /usr/lib/libedit.so.0.0.76
7f57d0b94000-7f57d0b95000 rw-p 00035000 103:02 4496693                   /usr/lib/libedit.so.0.0.76
7f57d0b95000-7f57d0b98000 rw-p 00000000 00:00 0 
7f57d0b98000-7f57d0b9b000 r--p 00000000 103:02 4510960                   /usr/lib/libdrm_intel.so.1.133.0
7f57d0b9b000-7f57d0bb2000 r-xp 00003000 103:02 4510960                   /usr/lib/libdrm_intel.so.1.133.0
7f57d0bb2000-7f57d0bbc000 r--p 0001a000 103:02 4510960                   /usr/lib/libdrm_intel.so.1.133.0
7f57d0bbc000-7f57d0bbd000 r--p 00023000 103:02 4510960                   /usr/lib/libdrm_intel.so.1.133.0
7f57d0bbd000-7f57d0bbe000 rw-p 00024000 103:02 4510960                   /usr/lib/libdrm_intel.so.1.133.0
7f57d0bbe000-7f57d0bd3000 r--p 00000000 103:02 4509306                   /usr/lib/libSPIRV-Tools.so
7f57d0bd3000-7f57d0cf2000 r-xp 00015000 103:02 4509306                   /usr/lib/libSPIRV-Tools.so
7f57d0cf2000-7f57d0d6d000 r--p 00134000 103:02 4509306                   /usr/lib/libSPIRV-Tools.so
7f57d0d6d000-7f57d0d70000 r--p 001ae000 103:02 4509306                   /usr/lib/libSPIRV-Tools.so
7f57d0d70000-7f57d0d71000 rw-p 001b1000 103:02 4509306                   /usr/lib/libSPIRV-Tools.so
7f57d0d71000-7f57d0d7d000 r--p 00000000 103:02 4472319                   /usr/lib/libzstd.so.1.5.7
7f57d0d7d000-7f57d0e44000 r-xp 0000c000 103:02 4472319                   /usr/lib/libzstd.so.1.5.7
7f57d0e44000-7f57d0e55000 r--p 000d3000 103:02 4472319                   /usr/lib/libzstd.so.1.5.7
7f57d0e55000-7f57d0e56000 r--p 000e4000 103:02 4472319                   /usr/lib/libzstd.so.1.5.7
7f57d0e56000-7f57d0e57000 rw-p 000e5000 103:02 4472319                   /usr/lib/libzstd.so.1.5.7
7f57d0e57000-7f57d0f5f000 r--s 00000000 103:02 11567775                  /home/grounzer/.cache/fontconfig/923e285e415b1073c8df160bee08820f-le64.cache-9
7f57d0f5f000-7f57d0f60000 r--p 00000000 103:02 4460083                   /usr/lib/librt.so.1
7f57d0f60000-7f57d0f61000 r-xp 00001000 103:02 4460083                   /usr/lib/librt.so.1
7f57d0f61000-7f57d0f62000 r--p 00002000 103:02 4460083                   /usr/lib/librt.so.1
7f57d0f62000-7f57d0f63000 r--p 00002000 103:02 4460083                   /usr/lib/librt.so.1
7f57d0f63000-7f57d0f64000 rw-p 00003000 103:02 4460083                   /usr/lib/librt.so.1
7f57d0f64000-7f57d0f67000 r--p 00000000 103:02 4506504                   /usr/lib/libdrm_amdgpu.so.1.133.0
7f57d0f67000-7f57d0f6d000 r-xp 00003000 103:02 4506504                   /usr/lib/libdrm_amdgpu.so.1.133.0
7f57d0f6d000-7f57d0f6f000 r--p 00009000 103:02 4506504                   /usr/lib/libdrm_amdgpu.so.1.133.0
7f57d0f6f000-7f57d0f70000 r--p 0000a000 103:02 4506504                   /usr/lib/libdrm_amdgpu.so.1.133.0
7f57d0f70000-7f57d0f71000 rw-p 0000b000 103:02 4506504                   /usr/lib/libdrm_amdgpu.so.1.133.0
7f57d0f71000-7f57d0f74000 r--p 00000000 103:02 4498282                   /usr/lib/libelf-0.195.so
7f57d0f74000-7f57d0f88000 r-xp 00003000 103:02 4498282                   /usr/lib/libelf-0.195.so
7f57d0f88000-7f57d0f8c000 r--p 00017000 103:02 4498282                   /usr/lib/libelf-0.195.so
7f57d0f8c000-7f57d0f8d000 r--p 0001b000 103:02 4498282                   /usr/lib/libelf-0.195.so
7f57d0f8d000-7f57d0f8e000 rw-p 0001c000 103:02 4498282                   /usr/lib/libelf-0.195.so
7f57d0f8e000-7f57d0f95000 r--p 00000000 103:02 4491681                   /usr/lib/libxcb-randr.so.0.1.0
7f57d0f95000-7f57d0f9b000 r-xp 00007000 103:02 4491681                   /usr/lib/libxcb-randr.so.0.1.0
7f57d0f9b000-7f57d0f9e000 r--p 0000d000 103:02 4491681                   /usr/lib/libxcb-randr.so.0.1.0
7f57d0f9e000-7f57d0f9f000 r--p 00010000 103:02 4491681                   /usr/lib/libxcb-randr.so.0.1.0
7f57d0f9f000-7f57d0fa0000 rw-p 00011000 103:02 4491681                   /usr/lib/libxcb-randr.so.0.1.0
7f57d0fa0000-7f57d1007000 r--s 00000000 103:02 4997543                   /home/grounzer/.cache/fontconfig/43166cb5203093156c760aa2c7b8b314-le64.cache-9
7f57d1008000-7f57d100a000 r--p 00000000 103:02 4496545                   /usr/lib/libpciaccess.so.0.11.1
7f57d100a000-7f57d100f000 r-xp 00002000 103:02 4496545                   /usr/lib/libpciaccess.so.0.11.1
7f57d100f000-7f57d1011000 r--p 00007000 103:02 4496545                   /usr/lib/libpciaccess.so.0.11.1
7f57d1011000-7f57d1012000 r--p 00008000 103:02 4496545                   /usr/lib/libpciaccess.so.0.11.1
7f57d1012000-7f57d1013000 rw-p 00009000 103:02 4496545                   /usr/lib/libpciaccess.so.0.11.1
7f57d1013000-7f57d1014000 r--p 00000000 103:02 4541205                   /usr/lib/libxshmfence.so.1.0.0
7f57d1014000-7f57d1015000 r-xp 00001000 103:02 4541205                   /usr/lib/libxshmfence.so.1.0.0
7f57d1015000-7f57d1016000 r--p 00002000 103:02 4541205                   /usr/lib/libxshmfence.so.1.0.0
7f57d1016000-7f57d1017000 r--p 00002000 103:02 4541205                   /usr/lib/libxshmfence.so.1.0.0
7f57d1017000-7f57d1018000 rw-p 00003000 103:02 4541205                   /usr/lib/libxshmfence.so.1.0.0
7f57d1018000-7f57d101d000 r--p 00000000 103:02 4530639                   /usr/lib/libGLX_mesa.so.0.0.0
7f57d101d000-7f57d105c000 r-xp 00005000 103:02 4530639                   /usr/lib/libGLX_mesa.so.0.0.0
7f57d105c000-7f57d106b000 r--p 00044000 103:02 4530639                   /usr/lib/libGLX_mesa.so.0.0.0
7f57d106b000-7f57d106f000 r--p 00053000 103:02 4530639                   /usr/lib/libGLX_mesa.so.0.0.0
7f57d106f000-7f57d1070000 rw-p 00057000 103:02 4530639                   /usr/lib/libGLX_mesa.so.0.0.0
7f57d1070000-7f57d10f1000 r--s 00000000 103:02 5103907                   /home/grounzer/.cache/fontconfig/f6b893a7224233d96cb72fd88691c0b4-le64.cache-9
7f57d10f1000-7f57d10f2000 rw-p 00000000 00:00 0 
7f57d10f2000-7f57d10f6000 ---p 00000000 00:00 0 
7f57d10f6000-7f57d16f8000 rw-p 00000000 00:00 0 
7f57d16f8000-7f57d16fc000 ---p 00000000 00:00 0 
7f57d16fc000-7f57d17f9000 rw-p 00000000 00:00 0 
7f57d17f9000-7f57d17fd000 ---p 00000000 00:00 0 
7f57d17fd000-7f57d18fa000 rw-p 00000000 00:00 0 
7f57d18fa000-7f57d18fe000 ---p 00000000 00:00 0 
7f57d18fe000-7f57d19fb000 rw-p 00000000 00:00 0 
7f57d19fb000-7f57d19ff000 ---p 00000000 00:00 0 
7f57d19ff000-7f57d1afc000 rw-p 00000000 00:00 0 
7f57d1afc000-7f57d1b00000 ---p 00000000 00:00 0 
7f57d1b00000-7f57d1bfd000 rw-p 00000000 00:00 0 
7f57d1bfd000-7f57d1c01000 ---p 00000000 00:00 0 
7f57d1c01000-7f57d1cfe000 rw-p 00000000 00:00 0 
7f57d1cfe000-7f57d1d02000 ---p 00000000 00:00 0 
7f57d1d02000-7f57d1dff000 rw-p 00000000 00:00 0 
7f57d1dff000-7f57d1e03000 ---p 00000000 00:00 0 
7f57d1e03000-7f57d1f00000 rw-p 00000000 00:00 0 
7f57d1f00000-7f57d1f04000 ---p 00000000 00:00 0 
7f57d1f04000-7f57d2000000 rw-p 00000000 00:00 0 
7f57d2000000-7f57d2048000 r--p 00000000 103:02 4474270                   /usr/lib/libicuuc.so.78.3
7f57d2048000-7f57d2165000 r-xp 00048000 103:02 4474270                   /usr/lib/libicuuc.so.78.3
7f57d2165000-7f57d21f8000 r--p 00165000 103:02 4474270                   /usr/lib/libicuuc.so.78.3
7f57d21f8000-7f57d220b000 r--p 001f8000 103:02 4474270                   /usr/lib/libicuuc.so.78.3
7f57d220b000-7f57d220c000 rw-p 0020b000 103:02 4474270                   /usr/lib/libicuuc.so.78.3
7f57d220c000-7f57d220e000 rw-p 00000000 00:00 0 
7f57d220f000-7f57d2212000 r--p 00000000 103:02 4491709                   /usr/lib/libxcb-sync.so.1.0.0
7f57d2212000-7f57d2215000 r-xp 00003000 103:02 4491709                   /usr/lib/libxcb-sync.so.1.0.0
7f57d2215000-7f57d2216000 r--p 00006000 103:02 4491709                   /usr/lib/libxcb-sync.so.1.0.0
7f57d2216000-7f57d2217000 r--p 00007000 103:02 4491709                   /usr/lib/libxcb-sync.so.1.0.0
7f57d2217000-7f57d2218000 rw-p 00008000 103:02 4491709                   /usr/lib/libxcb-sync.so.1.0.0
7f57d2218000-7f57d221a000 r--p 00000000 103:02 4496756                   /usr/lib/libsensors.so.5.0.0
7f57d221a000-7f57d2222000 r-xp 00002000 103:02 4496756                   /usr/lib/libsensors.so.5.0.0
7f57d2222000-7f57d2226000 r--p 0000a000 103:02 4496756                   /usr/lib/libsensors.so.5.0.0
7f57d2226000-7f57d2227000 r--p 0000e000 103:02 4496756                   /usr/lib/libsensors.so.5.0.0
7f57d2227000-7f57d2228000 rw-p 0000f000 103:02 4496756                   /usr/lib/libsensors.so.5.0.0
7f57d2228000-7f57d222b000 r--p 00000000 103:02 4491715                   /usr/lib/libxcb-xfixes.so.0.0.0
7f57d222b000-7f57d222e000 r-xp 00003000 103:02 4491715                   /usr/lib/libxcb-xfixes.so.0.0.0
7f57d222e000-7f57d222f000 r--p 00006000 103:02 4491715                   /usr/lib/libxcb-xfixes.so.0.0.0
7f57d222f000-7f57d2230000 r--p 00007000 103:02 4491715                   /usr/lib/libxcb-xfixes.so.0.0.0
7f57d2230000-7f57d2231000 rw-p 00008000 103:02 4491715                   /usr/lib/libxcb-xfixes.so.0.0.0
7f57d2231000-7f57d223d000 r--p 00000000 103:02 4491673                   /usr/lib/libxcb-glx.so.0.0.0
7f57d223d000-7f57d2246000 r-xp 0000c000 103:02 4491673                   /usr/lib/libxcb-glx.so.0.0.0
7f57d2246000-7f57d224b000 r--p 00015000 103:02 4491673                   /usr/lib/libxcb-glx.so.0.0.0
7f57d224b000-7f57d224d000 r--p 0001a000 103:02 4491673                   /usr/lib/libxcb-glx.so.0.0.0
7f57d224d000-7f57d224e000 rw-p 0001c000 103:02 4491673                   /usr/lib/libxcb-glx.so.0.0.0
7f57d224e000-7f57d2253000 r--p 00000000 103:02 4504259                   /usr/lib/libdrm.so.2.133.0
7f57d2253000-7f57d225f000 r-xp 00005000 103:02 4504259                   /usr/lib/libdrm.so.2.133.0
7f57d225f000-7f57d2263000 r--p 00011000 103:02 4504259                   /usr/lib/libdrm.so.2.133.0
7f57d2263000-7f57d2264000 r--p 00015000 103:02 4504259                   /usr/lib/libdrm.so.2.133.0
7f57d2264000-7f57d2265000 rw-p 00016000 103:02 4504259                   /usr/lib/libdrm.so.2.133.0
7f57d2265000-7f57d228c000 r--s 00000000 103:02 5098247                   /home/grounzer/.cache/fontconfig/f2e43df3287529323e79e7929dc44cc9-le64.cache-9
7f57d228c000-7f57d22d6000 r--s 00000000 103:02 5092892                   /home/grounzer/.cache/fontconfig/343d155f958d918604956f33858d82e8-le64.cache-9
7f57d22d6000-7f57d22eb000 r--p 00000000 103:02 4458670                   /usr/lib/libsystemd.so.0.43.0
7f57d22eb000-7f57d23b1000 r-xp 00015000 103:02 4458670                   /usr/lib/libsystemd.so.0.43.0
7f57d23b1000-7f57d23f5000 r--p 000db000 103:02 4458670                   /usr/lib/libsystemd.so.0.43.0
7f57d23f5000-7f57d23fe000 r--p 0011f000 103:02 4458670                   /usr/lib/libsystemd.so.0.43.0
7f57d23fe000-7f57d23ff000 rw-p 00128000 103:02 4458670                   /usr/lib/libsystemd.so.0.43.0
7f57d23ff000-7f57d2400000 rw-p 00000000 00:00 0 
7f57d2400000-7f57d24c2000 r--p 00000000 103:02 4497611                   /usr/lib/libglycin-2.so.0
7f57d24c2000-7f57d27df000 r-xp 000c1000 103:02 4497611                   /usr/lib/libglycin-2.so.0
7f57d27df000-7f57d27f8000 r--p 003dd000 103:02 4497611                   /usr/lib/libglycin-2.so.0
7f57d27f8000-7f57d27fc000 rw-p 003f5000 103:02 4497611                   /usr/lib/libglycin-2.so.0
7f57d2800000-7f57d2870000 r--p 00000000 103:02 4486085                   /usr/lib/libgtk-3.so.0.2420.32
7f57d2870000-7f57d2c27000 r-xp 00070000 103:02 4486085                   /usr/lib/libgtk-3.so.0.2420.32
7f57d2c27000-7f57d2ee5000 r--p 00427000 103:02 4486085                   /usr/lib/libgtk-3.so.0.2420.32
7f57d2ee5000-7f57d2ef7000 r--p 006e5000 103:02 4486085                   /usr/lib/libgtk-3.so.0.2420.32
7f57d2ef7000-7f57d2ef9000 rw-p 006f7000 103:02 4486085                   /usr/lib/libgtk-3.so.0.2420.32
7f57d2ef9000-7f57d2efe000 rw-p 00000000 00:00 0 
7f57d2efe000-7f57d2eff000 r--p 00000000 103:02 4491676                   /usr/lib/libxcb-present.so.0.0.0
7f57d2eff000-7f57d2f00000 r-xp 00001000 103:02 4491676                   /usr/lib/libxcb-present.so.0.0.0
7f57d2f00000-7f57d2f01000 r--p 00002000 103:02 4491676                   /usr/lib/libxcb-present.so.0.0.0
7f57d2f01000-7f57d2f02000 r--p 00002000 103:02 4491676                   /usr/lib/libxcb-present.so.0.0.0
7f57d2f02000-7f57d2f03000 rw-p 00003000 103:02 4491676                   /usr/lib/libxcb-present.so.0.0.0
7f57d2f03000-7f57d2f05000 r--p 00000000 103:02 4491669                   /usr/lib/libxcb-dri3.so.0.1.0
7f57d2f05000-7f57d2f07000 r-xp 00002000 103:02 4491669                   /usr/lib/libxcb-dri3.so.0.1.0
7f57d2f07000-7f57d2f08000 r--p 00004000 103:02 4491669                   /usr/lib/libxcb-dri3.so.0.1.0
7f57d2f08000-7f57d2f09000 r--p 00004000 103:02 4491669                   /usr/lib/libxcb-dri3.so.0.1.0
7f57d2f09000-7f57d2f0a000 rw-p 00005000 103:02 4491669                   /usr/lib/libxcb-dri3.so.0.1.0
7f57d2f0c000-7f57d2f0d000 r--p 00000000 103:02 4460078                   /usr/lib/libpthread.so.0
7f57d2f0d000-7f57d2f0e000 r-xp 00001000 103:02 4460078                   /usr/lib/libpthread.so.0
7f57d2f0e000-7f57d2f0f000 r--p 00002000 103:02 4460078                   /usr/lib/libpthread.so.0
7f57d2f0f000-7f57d2f10000 r--p 00002000 103:02 4460078                   /usr/lib/libpthread.so.0
7f57d2f10000-7f57d2f11000 rw-p 00003000 103:02 4460078                   /usr/lib/libpthread.so.0
7f57d2f11000-7f57d2f12000 r--p 00000000 103:02 4460036                   /usr/lib/libdl.so.2
7f57d2f12000-7f57d2f13000 r-xp 00001000 103:02 4460036                   /usr/lib/libdl.so.2
7f57d2f13000-7f57d2f14000 r--p 00002000 103:02 4460036                   /usr/lib/libdl.so.2
7f57d2f14000-7f57d2f15000 r--p 00002000 103:02 4460036                   /usr/lib/libdl.so.2
7f57d2f15000-7f57d2f16000 rw-p 00003000 103:02 4460036                   /usr/lib/libdl.so.2
7f57d2f16000-7f57d2f17000 r--p 00000000 103:02 6574634                   /home/grounzer/.javacpp/cache/ffmpeg-8.0.1-1.5.13-linux-x86_64.jar/org/bytedeco/ffmpeg/linux-x86_64/libva-drm.so.2
7f57d2f17000-7f57d2f18000 r-xp 00001000 103:02 6574634                   /home/grounzer/.javacpp/cache/ffmpeg-8.0.1-1.5.13-linux-x86_64.jar/org/bytedeco/ffmpeg/linux-x86_64/libva-drm.so.2
7f57d2f18000-7f57d2f19000 r--p 00002000 103:02 6574634                   /home/grounzer/.javacpp/cache/ffmpeg-8.0.1-1.5.13-linux-x86_64.jar/org/bytedeco/ffmpeg/linux-x86_64/libva-drm.so.2
7f57d2f19000-7f57d2f1a000 r--p 00002000 103:02 6574634                   /home/grounzer/.javacpp/cache/ffmpeg-8.0.1-1.5.13-linux-x86_64.jar/org/bytedeco/ffmpeg/linux-x86_64/libva-drm.so.2
7f57d2f1a000-7f57d2f1b000 rw-p 00003000 103:02 6574634                   /home/grounzer/.javacpp/cache/ffmpeg-8.0.1-1.5.13-linux-x86_64.jar/org/bytedeco/ffmpeg/linux-x86_64/libva-drm.so.2
7f57d2f1b000-7f57d2f1c000 r--p 00000000 103:02 7995632                   /usr/lib/jvm/java-21-openjdk/lib/libextnet.so
7f57d2f1c000-7f57d2f1d000 r-xp 00001000 103:02 7995632                   /usr/lib/jvm/java-21-openjdk/lib/libextnet.so
7f57d2f1d000-7f57d2f1e000 r--p 00002000 103:02 7995632                   /usr/lib/jvm/java-21-openjdk/lib/libextnet.so
7f57d2f1e000-7f57d2f1f000 r--p 00002000 103:02 7995632                   /usr/lib/jvm/java-21-openjdk/lib/libextnet.so
7f57d2f1f000-7f57d2f20000 rw-p 00003000 103:02 7995632                   /usr/lib/jvm/java-21-openjdk/lib/libextnet.so
7f57d2f20000-7f57d2f21000 rw-p 00000000 00:00 0 
7f57d2f21000-7f57d2f25000 ---p 00000000 00:00 0 
7f57d2f25000-7f57d2f43000 rw-p 00000000 00:00 0 
7f57d2f43000-7f57d2f5b000 r--s 00000000 103:02 5098184                   /home/grounzer/.cache/fontconfig/42138c104eb74fbdba5a5759d830b924-le64.cache-9
7f57d2f5b000-7f57d2f96000 r--s 00000000 103:02 5088043                   /home/grounzer/.cache/fontconfig/f349e9996a5320f6dd491cedd2b1f964-le64.cache-9
7f57d2f96000-7f57d2fb4000 r--s 00000000 103:02 5098174                   /home/grounzer/.cache/fontconfig/0b46e03c9052ac4b7351be1cf54f3a23-le64.cache-9
7f57d2fb6000-7f57d2fb7000 r--p 00000000 103:02 4496663                   /usr/lib/libXxf86vm.so.1.0.0
7f57d2fb7000-7f57d2fba000 r-xp 00001000 103:02 4496663                   /usr/lib/libXxf86vm.so.1.0.0
7f57d2fba000-7f57d2fbb000 r--p 00004000 103:02 4496663                   /usr/lib/libXxf86vm.so.1.0.0
7f57d2fbb000-7f57d2fbc000 r--p 00004000 103:02 4496663                   /usr/lib/libXxf86vm.so.1.0.0
7f57d2fbc000-7f57d2fbd000 rw-p 00005000 103:02 4496663                   /usr/lib/libXxf86vm.so.1.0.0
7f57d2fbd000-7f57d2fbe000 r--p 00000000 103:02 4479628                   /usr/lib/libX11-xcb.so.1.0.0
7f57d2fbe000-7f57d2fbf000 r-xp 00001000 103:02 4479628                   /usr/lib/libX11-xcb.so.1.0.0
7f57d2fbf000-7f57d2fc0000 r--p 00002000 103:02 4479628                   /usr/lib/libX11-xcb.so.1.0.0
7f57d2fc0000-7f57d2fc1000 r--p 00002000 103:02 4479628                   /usr/lib/libX11-xcb.so.1.0.0
7f57d2fc1000-7f57d2fc2000 rw-p 00003000 103:02 4479628                   /usr/lib/libX11-xcb.so.1.0.0
7f57d2fc2000-7f57d2fc3000 r--p 00000000 103:02 7995641                   /usr/lib/jvm/java-21-openjdk/lib/libjawt.so
7f57d2fc3000-7f57d2fc4000 r-xp 00001000 103:02 7995641                   /usr/lib/jvm/java-21-openjdk/lib/libjawt.so
7f57d2fc4000-7f57d2fc5000 r--p 00002000 103:02 7995641                   /usr/lib/jvm/java-21-openjdk/lib/libjawt.so
7f57d2fc5000-7f57d2fc6000 r--p 00002000 103:02 7995641                   /usr/lib/jvm/java-21-openjdk/lib/libjawt.so
7f57d2fc6000-7f57d2fc7000 rw-p 00003000 103:02 7995641                   /usr/lib/jvm/java-21-openjdk/lib/libjawt.so
7f57d2fc7000-7f57d2fd3000 r--s 00000000 103:02 5058298                   /home/grounzer/.cache/fontconfig/5df9eba3d3f2d3afe4369d5c874815ce-le64.cache-9
7f57d2fd3000-7f57d2fd5000 r--p 00000000 103:02 4472244                   /usr/lib/libseccomp.so.2.6.0
7f57d2fd5000-7f57d2fe5000 r-xp 00002000 103:02 4472244                   /usr/lib/libseccomp.so.2.6.0
7f57d2fe5000-7f57d2ffe000 r--p 00012000 103:02 4472244                   /usr/lib/libseccomp.so.2.6.0
7f57d2ffe000-7f57d2fff000 r--p 0002b000 103:02 4472244                   /usr/lib/libseccomp.so.2.6.0
7f57d2fff000-7f57d3000000 rw-p 0002c000 103:02 4472244                   /usr/lib/libseccomp.so.2.6.0
7f57d3000000-7f57d3400000 rw-p 00000000 00:00 0 
7f57d3400000-7f57d3700000 rw-p 00000000 00:00 0 
7f57d3700000-7f57d3800000 rw-p 00000000 00:00 0 
7f57d3800000-7f57d3b00000 rw-p 00000000 00:00 0 
7f57d3b00000-7f57d3c00000 rw-p 00000000 00:00 0 
7f57d3c00000-7f57d4100000 rw-p 00000000 00:00 0 
7f57d4100000-7f57d4300000 rw-p 00000000 00:00 0 
7f57d4300000-7f57d4400000 rw-p 00000000 00:00 0 
7f57d4400000-7f57d4d80000 rw-p 00000000 00:00 0 
7f57d4d80000-7f57d4e00000 rw-p 00000000 00:00 0 
7f57d4e00000-7f57d4f00000 rw-p 00000000 00:00 0 
7f57d4f00000-7f57d4ff0000 rw-p 00000000 00:00 0 
7f57d4ff0000-7f57d5000000 ---p 00000000 00:00 0 
7f57d5000000-7f57d5410000 rw-p 00000000 00:00 0 
7f57d5410000-7f57d7000000 ---p 00000000 00:00 0 
7f57d7000000-7f57d7c9b000 rw-p 00001000 103:02 7995673                   /usr/lib/jvm/java-21-openjdk/lib/server/classes.jsa
7f57d7c9b000-7f57d8000000 ---p 00000000 00:00 0 
7f57d8000000-7f57d8040000 rw-p 00000000 00:00 0 
7f57d8040000-7f57d80c0000 rw-p 00000000 00:00 0 
7f57d80c0000-7f57d8100000 rw-p 00000000 00:00 0 
7f57d8100000-7f57d8200000 rw-p 00000000 00:00 0 
7f57d8200000-7f57d83c0000 rw-p 00000000 00:00 0 
7f57d83c0000-7f57d83e0000 rw-p 00000000 00:00 0 
7f57d83e0000-7f57d8400000 ---p 00000000 00:00 0 
7f57d8400000-7f57d8430000 rw-p 00000000 00:00 0 
7f57d8430000-7f5818000000 ---p 00000000 00:00 0 
7f5818000000-7f5818021000 rw-p 00000000 00:00 0 
7f5818021000-7f581c000000 ---p 00000000 00:00 0 
7f581c000000-7f581c021000 rw-p 00000000 00:00 0 
7f581c021000-7f5820000000 ---p 00000000 00:00 0 
7f5820000000-7f5820021000 rw-p 00000000 00:00 0 
7f5820021000-7f5824000000 ---p 00000000 00:00 0 
7f5824003000-7f582400c000 r--s 00000000 103:02 4997756                   /home/grounzer/.cache/fontconfig/39689fa9d90c7163ccd2aa0b698dfc14-le64.cache-9
7f582400c000-7f5824020000 r--s 00000000 103:02 4997472                   /home/grounzer/.cache/fontconfig/614d1caaa4d7914789410f6367de37ca-le64.cache-9
7f5824020000-7f5824029000 r--p 00000000 103:02 4481268                   /usr/lib/liblcms2.so.2.0.19
7f5824029000-7f5824070000 r-xp 00009000 103:02 4481268                   /usr/lib/liblcms2.so.2.0.19
7f5824070000-7f5824085000 r--p 00050000 103:02 4481268                   /usr/lib/liblcms2.so.2.0.19
7f5824085000-7f5824088000 r--p 00064000 103:02 4481268                   /usr/lib/liblcms2.so.2.0.19
7f5824088000-7f582408b000 rw-p 00067000 103:02 4481268                   /usr/lib/liblcms2.so.2.0.19
7f582408b000-7f582408c000 rw-p 00000000 00:00 0 
7f582408c000-7f5824091000 r--p 00000000 103:02 4473974                   /usr/lib/libblkid.so.1.1.0
7f5824091000-7f58240b8000 r-xp 00005000 103:02 4473974                   /usr/lib/libblkid.so.1.1.0
7f58240b8000-7f58240c1000 r--p 0002c000 103:02 4473974                   /usr/lib/libblkid.so.1.1.0
7f58240c1000-7f58240c7000 r--p 00035000 103:02 4473974                   /usr/lib/libblkid.so.1.1.0
7f58240c7000-7f58240c8000 rw-p 0003b000 103:02 4473974                   /usr/lib/libblkid.so.1.1.0
7f58240c8000-7f58240d2000 r--p 00000000 103:02 4476066                   /usr/lib/libsqlite3.so.3.53.1
7f58240d2000-7f5824220000 r-xp 0000a000 103:02 4476066                   /usr/lib/libsqlite3.so.3.53.1
7f5824220000-7f5824257000 r--p 00158000 103:02 4476066                   /usr/lib/libsqlite3.so.3.53.1
7f5824257000-7f582425b000 r--p 0018f000 103:02 4476066                   /usr/lib/libsqlite3.so.3.53.1
7f582425b000-7f5824260000 rw-p 00193000 103:02 4476066                   /usr/lib/libsqlite3.so.3.53.1
7f5824260000-7f582427a000 r--p 00000000 103:02 4474319                   /usr/lib/libxml2.so.16.1.3
7f582427a000-7f582434e000 r-xp 0001a000 103:02 4474319                   /usr/lib/libxml2.so.16.1.3
7f582434e000-7f582438b000 r--p 000ee000 103:02 4474319                   /usr/lib/libxml2.so.16.1.3
7f582438b000-7f5824394000 r--p 0012b000 103:02 4474319                   /usr/lib/libxml2.so.16.1.3
7f5824394000-7f5824395000 rw-p 00134000 103:02 4474319                   /usr/lib/libxml2.so.16.1.3
7f5824395000-7f5824396000 rw-p 00000000 00:00 0 
7f5824396000-7f58243a4000 r--p 00000000 103:02 4480128                   /usr/lib/libdbus-1.so.3.38.3
7f58243a4000-7f58243d5000 r-xp 0000e000 103:02 4480128                   /usr/lib/libdbus-1.so.3.38.3
7f58243d5000-7f58243e6000 r--p 0003f000 103:02 4480128                   /usr/lib/libdbus-1.so.3.38.3
7f58243e6000-7f58243e8000 r--p 0004f000 103:02 4480128                   /usr/lib/libdbus-1.so.3.38.3
7f58243e8000-7f58243e9000 rw-p 00051000 103:02 4480128                   /usr/lib/libdbus-1.so.3.38.3
7f58243e9000-7f58243f7000 r--p 00000000 103:02 4489366                   /usr/lib/libatspi.so.0.0.1
7f58243f7000-7f5824412000 r-xp 0000e000 103:02 4489366                   /usr/lib/libatspi.so.0.0.1
7f5824412000-7f5824420000 r--p 00029000 103:02 4489366                   /usr/lib/libatspi.so.0.0.1
7f5824420000-7f5824424000 r--p 00037000 103:02 4489366                   /usr/lib/libatspi.so.0.0.1
7f5824424000-7f5824425000 rw-p 0003b000 103:02 4489366                   /usr/lib/libatspi.so.0.0.1
7f5824425000-7f582442a000 r--p 00000000 103:02 4548273                   /usr/lib/libpixman-1.so.0.46.4
7f582442a000-7f58244bb000 r-xp 00005000 103:02 4548273                   /usr/lib/libpixman-1.so.0.46.4
7f58244bb000-7f58244cb000 r--p 00096000 103:02 4548273                   /usr/lib/libpixman-1.so.0.46.4
7f58244cb000-7f58244d3000 r--p 000a6000 103:02 4548273                   /usr/lib/libpixman-1.so.0.46.4
7f58244d3000-7f58244d4000 rw-p 000ae000 103:02 4548273                   /usr/lib/libpixman-1.so.0.46.4
7f58244d4000-7f58244de000 r--p 00000000 103:02 4498884                   /usr/lib/libmount.so.1.1.0
7f58244de000-7f582451a000 r-xp 0000a000 103:02 4498884                   /usr/lib/libmount.so.1.1.0
7f582451a000-7f5824529000 r--p 00046000 103:02 4498884                   /usr/lib/libmount.so.1.1.0
7f5824529000-7f582452b000 r--p 00055000 103:02 4498884                   /usr/lib/libmount.so.1.1.0
7f582452b000-7f582452c000 rw-p 00057000 103:02 4498884                   /usr/lib/libmount.so.1.1.0
7f582452c000-7f582453c000 r--p 00000000 103:02 4537112                   /usr/lib/libtinysparql-3.0.so.0.1101.0
7f582453c000-7f58245bb000 r-xp 00010000 103:02 4537112                   /usr/lib/libtinysparql-3.0.so.0.1101.0
7f58245bb000-7f58245f0000 r--p 0008f000 103:02 4537112                   /usr/lib/libtinysparql-3.0.so.0.1101.0
7f58245f0000-7f58245ff000 r--p 000c3000 103:02 4537112                   /usr/lib/libtinysparql-3.0.so.0.1101.0
7f58245ff000-7f5824600000 rw-p 000d2000 103:02 4537112                   /usr/lib/libtinysparql-3.0.so.0.1101.0
7f5824600000-7f5825f1a000 r-xp 00000000 103:02 8028608                   /home/grounzer/.skiko/skiko-linux-x64-37642cbaf7de22f37bbc28b39bba8e613e2cbe128d03b69845a86e0bc241648c/libskiko-linux-x64.so
7f5825f1a000-7f5825f52000 r--p 01919000 103:02 8028608                   /home/grounzer/.skiko/skiko-linux-x64-37642cbaf7de22f37bbc28b39bba8e613e2cbe128d03b69845a86e0bc241648c/libskiko-linux-x64.so
7f5825f52000-7f5825f55000 rw-p 01951000 103:02 8028608                   /home/grounzer/.skiko/skiko-linux-x64-37642cbaf7de22f37bbc28b39bba8e613e2cbe128d03b69845a86e0bc241648c/libskiko-linux-x64.so
7f5825f55000-7f5825f5e000 rw-p 00000000 00:00 0 
7f5825f5e000-7f5825f61000 r--s 00000000 103:02 5099686                   /home/grounzer/.cache/fontconfig/1876b2dcf508980ebba421dbe8e808d3-le64.cache-9
7f5825f61000-7f5825f63000 r--p 00000000 103:02 4495012                   /usr/lib/libdatrie.so.1.4.1
7f5825f63000-7f5825f67000 r-xp 00002000 103:02 4495012                   /usr/lib/libdatrie.so.1.4.1
7f5825f67000-7f5825f68000 r--p 00006000 103:02 4495012                   /usr/lib/libdatrie.so.1.4.1
7f5825f68000-7f5825f69000 r--p 00006000 103:02 4495012                   /usr/lib/libdatrie.so.1.4.1
7f5825f69000-7f5825f6a000 rw-p 00007000 103:02 4495012                   /usr/lib/libdatrie.so.1.4.1
7f5825f6a000-7f5825f73000 r--p 00000000 103:02 4497057                   /usr/lib/libjson-glib-1.0.so.0.1000.8
7f5825f73000-7f5825f89000 r-xp 00009000 103:02 4497057                   /usr/lib/libjson-glib-1.0.so.0.1000.8
7f5825f89000-7f5825f92000 r--p 0001f000 103:02 4497057                   /usr/lib/libjson-glib-1.0.so.0.1000.8
7f5825f92000-7f5825f93000 r--p 00028000 103:02 4497057                   /usr/lib/libjson-glib-1.0.so.0.1000.8
7f5825f93000-7f5825f94000 rw-p 00029000 103:02 4497057                   /usr/lib/libjson-glib-1.0.so.0.1000.8
7f5825f94000-7f5825f9a000 r--p 00000000 103:02 4491688                   /usr/lib/libxcb-render.so.0.0.0
7f5825f9a000-7f5825f9f000 r-xp 00006000 103:02 4491688                   /usr/lib/libxcb-render.so.0.0.0
7f5825f9f000-7f5825fa1000 r--p 0000b000 103:02 4491688                   /usr/lib/libxcb-render.so.0.0.0
7f5825fa1000-7f5825fa2000 r--p 0000d000 103:02 4491688                   /usr/lib/libxcb-render.so.0.0.0
7f5825fa2000-7f5825fa3000 rw-p 0000e000 103:02 4491688                   /usr/lib/libxcb-render.so.0.0.0
7f5825fa3000-7f5825fa7000 r--p 00000000 103:02 4481221                   /usr/lib/libxkbcommon.so.0.13.1
7f5825fa7000-7f5825fd5000 r-xp 00004000 103:02 4481221                   /usr/lib/libxkbcommon.so.0.13.1
7f5825fd5000-7f5825ffd000 r--p 00032000 103:02 4481221                   /usr/lib/libxkbcommon.so.0.13.1
7f5825ffd000-7f5825fff000 r--p 0005a000 103:02 4481221                   /usr/lib/libxkbcommon.so.0.13.1
7f5825fff000-7f5826000000 rw-p 0005c000 103:02 4481221                   /usr/lib/libxkbcommon.so.0.13.1
7f5826000000-7f5828021000 rw-p 00000000 00:00 0 
7f5828021000-7f582c000000 ---p 00000000 00:00 0 
7f582c000000-7f582c021000 rw-p 00000000 00:00 0 
7f582c021000-7f5830000000 ---p 00000000 00:00 0 
7f5830000000-7f5830021000 rw-p 00000000 00:00 0 
7f5830021000-7f5834000000 ---p 00000000 00:00 0 
7f5834000000-7f5834001000 r--p 00000000 103:02 4491705                   /usr/lib/libxcb-shm.so.0.0.0
7f5834001000-7f5834002000 r-xp 00001000 103:02 4491705                   /usr/lib/libxcb-shm.so.0.0.0
7f5834002000-7f5834003000 r--p 00002000 103:02 4491705                   /usr/lib/libxcb-shm.so.0.0.0
7f5834003000-7f5834004000 r--p 00002000 103:02 4491705                   /usr/lib/libxcb-shm.so.0.0.0
7f5834004000-7f5834005000 rw-p 00003000 103:02 4491705                   /usr/lib/libxcb-shm.so.0.0.0
7f5834005000-7f5834007000 r--p 00000000 103:02 4495018                   /usr/lib/libthai.so.0.3.2
7f5834007000-7f583400b000 r-xp 00002000 103:02 4495018                   /usr/lib/libthai.so.0.3.2
7f583400b000-7f583400e000 r--p 00006000 103:02 4495018                   /usr/lib/libthai.so.0.3.2
7f583400e000-7f583400f000 r--p 00008000 103:02 4495018                   /usr/lib/libthai.so.0.3.2
7f583400f000-7f5834010000 rw-p 00009000 103:02 4495018                   /usr/lib/libthai.so.0.3.2
7f5834010000-7f5834012000 r--p 00000000 103:02 4463903                   /usr/lib/libffi.so.8.2.0
7f5834012000-7f5834019000 r-xp 00002000 103:02 4463903                   /usr/lib/libffi.so.8.2.0
7f5834019000-7f583401a000 r--p 00009000 103:02 4463903                   /usr/lib/libffi.so.8.2.0
7f583401a000-7f583401b000 r--p 0000a000 103:02 4463903                   /usr/lib/libffi.so.8.2.0
7f583401b000-7f583401c000 rw-p 0000b000 103:02 4463903                   /usr/lib/libffi.so.8.2.0
7f583401c000-7f583401e000 r--p 00000000 103:02 4497032                   /usr/lib/libXrandr.so.2.2.0
7f583401e000-7f5834025000 r-xp 00002000 103:02 4497032                   /usr/lib/libXrandr.so.2.2.0
7f5834025000-7f5834027000 r--p 00009000 103:02 4497032                   /usr/lib/libXrandr.so.2.2.0
7f5834027000-7f5834028000 r--p 0000a000 103:02 4497032                   /usr/lib/libXrandr.so.2.2.0
7f5834028000-7f5834029000 rw-p 0000b000 103:02 4497032                   /usr/lib/libXrandr.so.2.2.0
7f5834029000-7f583402a000 r--p 00000000 103:02 4496883                   /usr/lib/libXcomposite.so.1.0.0
7f583402a000-7f583402b000 r-xp 00001000 103:02 4496883                   /usr/lib/libXcomposite.so.1.0.0
7f583402b000-7f583402c000 r--p 00002000 103:02 4496883                   /usr/lib/libXcomposite.so.1.0.0
7f583402c000-7f583402d000 r--p 00002000 103:02 4496883                   /usr/lib/libXcomposite.so.1.0.0
7f583402d000-7f583402e000 rw-p 00003000 103:02 4496883                   /usr/lib/libXcomposite.so.1.0.0
7f583402e000-7f583402f000 r--p 00000000 103:02 4496804                   /usr/lib/libwayland-cursor.so.0.25.0
7f583402f000-7f5834031000 r-xp 00001000 103:02 4496804                   /usr/lib/libwayland-cursor.so.0.25.0
7f5834031000-7f5834032000 r--p 00003000 103:02 4496804                   /usr/lib/libwayland-cursor.so.0.25.0
7f5834032000-7f5834033000 r--p 00003000 103:02 4496804                   /usr/lib/libwayland-cursor.so.0.25.0
7f5834033000-7f5834037000 rw-p 00004000 103:02 4496804                   /usr/lib/libwayland-cursor.so.0.25.0
7f5834037000-7f583403a000 r--p 00000000 103:02 4496793                   /usr/lib/libwayland-client.so.0.25.0
7f583403a000-7f5834041000 r-xp 00003000 103:02 4496793                   /usr/lib/libwayland-client.so.0.25.0
7f5834041000-7f5834044000 r--p 0000a000 103:02 4496793                   /usr/lib/libwayland-client.so.0.25.0
7f5834044000-7f5834046000 r--p 0000c000 103:02 4496793                   /usr/lib/libwayland-client.so.0.25.0
7f5834046000-7f5834047000 rw-p 0000e000 103:02 4496793                   /usr/lib/libwayland-client.so.0.25.0
7f5834047000-7f583404e000 r--p 00000000 103:02 4496376                   /usr/lib/libcloudproviders.so.0.4.0
7f583404e000-7f5834058000 r-xp 00007000 103:02 4496376                   /usr/lib/libcloudproviders.so.0.4.0
7f5834058000-7f583405d000 r--p 00011000 103:02 4496376                   /usr/lib/libcloudproviders.so.0.4.0
7f583405d000-7f583405e000 r--p 00016000 103:02 4496376                   /usr/lib/libcloudproviders.so.0.4.0
7f583405e000-7f583405f000 rw-p 00017000 103:02 4496376                   /usr/lib/libcloudproviders.so.0.4.0
7f583405f000-7f583406a000 r--p 00000000 103:02 4489062                   /usr/lib/libatk-bridge-2.0.so.0.0.0
7f583406a000-7f5834083000 r-xp 0000b000 103:02 4489062                   /usr/lib/libatk-bridge-2.0.so.0.0.0
7f5834083000-7f5834097000 r--p 00024000 103:02 4489062                   /usr/lib/libatk-bridge-2.0.so.0.0.0
7f5834097000-7f5834099000 r--p 00037000 103:02 4489062                   /usr/lib/libatk-bridge-2.0.so.0.0.0
7f5834099000-7f583409b000 rw-p 00039000 103:02 4489062                   /usr/lib/libatk-bridge-2.0.so.0.0.0
7f583409b000-7f58340e5000 r--p 00000000 103:02 4496877                   /usr/lib/libepoxy.so.0.0.0
7f58340e5000-7f583414b000 r-xp 0004a000 103:02 4496877                   /usr/lib/libepoxy.so.0.0.0
7f583414b000-7f5834199000 r--p 000b0000 103:02 4496877                   /usr/lib/libepoxy.so.0.0.0
7f5834199000-7f58341a1000 r--p 000fd000 103:02 4496877                   /usr/lib/libepoxy.so.0.0.0
7f58341a1000-7f58341a8000 rw-p 00105000 103:02 4496877                   /usr/lib/libepoxy.so.0.0.0
7f58341a8000-7f58341b0000 r--p 00000000 103:02 4488537                   /usr/lib/libatk-1.0.so.0.26012.1
7f58341b0000-7f58341c0000 r-xp 00008000 103:02 4488537                   /usr/lib/libatk-1.0.so.0.26012.1
7f58341c0000-7f58341cb000 r--p 00018000 103:02 4488537                   /usr/lib/libatk-1.0.so.0.26012.1
7f58341cb000-7f58341ce000 r--p 00023000 103:02 4488537                   /usr/lib/libatk-1.0.so.0.26012.1
7f58341ce000-7f58341cf000 rw-p 00026000 103:02 4488537                   /usr/lib/libatk-1.0.so.0.26012.1
7f58341cf000-7f58341d6000 r--p 00000000 103:02 4482994                   /usr/lib/libgdk_pixbuf-2.0.so.0.4400.6
7f58341d6000-7f58341f7000 r-xp 00007000 103:02 4482994                   /usr/lib/libgdk_pixbuf-2.0.so.0.4400.6
7f58341f7000-7f5834204000 r--p 00028000 103:02 4482994                   /usr/lib/libgdk_pixbuf-2.0.so.0.4400.6
7f5834204000-7f5834206000 r--p 00034000 103:02 4482994                   /usr/lib/libgdk_pixbuf-2.0.so.0.4400.6
7f5834206000-7f5834207000 rw-p 00036000 103:02 4482994                   /usr/lib/libgdk_pixbuf-2.0.so.0.4400.6
7f5834207000-7f5834209000 r--p 00000000 103:02 4494952                   /usr/lib/libcairo-gobject.so.2.11804.4
7f5834209000-7f583420b000 r-xp 00002000 103:02 4494952                   /usr/lib/libcairo-gobject.so.2.11804.4
7f583420b000-7f583420d000 r--p 00004000 103:02 4494952                   /usr/lib/libcairo-gobject.so.2.11804.4
7f583420d000-7f583420f000 r--p 00006000 103:02 4494952                   /usr/lib/libcairo-gobject.so.2.11804.4
7f583420f000-7f5834210000 rw-p 00008000 103:02 4494952                   /usr/lib/libcairo-gobject.so.2.11804.4
7f5834210000-7f5834212000 r--p 00000000 103:02 4494972                   /usr/lib/libfribidi.so.0.4.0
7f5834212000-7f5834217000 r-xp 00002000 103:02 4494972                   /usr/lib/libfribidi.so.0.4.0
7f5834217000-7f583422e000 r--p 00007000 103:02 4494972                   /usr/lib/libfribidi.so.0.4.0
7f583422e000-7f583422f000 r--p 0001d000 103:02 4494972                   /usr/lib/libfribidi.so.0.4.0
7f583422f000-7f5834230000 rw-p 0001e000 103:02 4494972                   /usr/lib/libfribidi.so.0.4.0
7f5834230000-7f5834238000 r--p 00000000 103:02 4482968                   /usr/lib/libpangoft2-1.0.so.0.5701.0
7f5834238000-7f5834247000 r-xp 00008000 103:02 4482968                   /usr/lib/libpangoft2-1.0.so.0.5701.0
7f5834247000-7f583424c000 r--p 00017000 103:02 4482968                   /usr/lib/libpangoft2-1.0.so.0.5701.0
7f583424c000-7f583424d000 r--p 0001c000 103:02 4482968                   /usr/lib/libpangoft2-1.0.so.0.5701.0
7f583424d000-7f583424e000 rw-p 0001d000 103:02 4482968                   /usr/lib/libpangoft2-1.0.so.0.5701.0
7f583424e000-7f583425c000 r--p 00000000 103:02 4494962                   /usr/lib/libcairo.so.2.11804.4
7f583425c000-7f583434f000 r-xp 0000e000 103:02 4494962                   /usr/lib/libcairo.so.2.11804.4
7f583434f000-7f5834384000 r--p 00101000 103:02 4494962                   /usr/lib/libcairo.so.2.11804.4
7f5834384000-7f5834388000 r--p 00136000 103:02 4494962                   /usr/lib/libcairo.so.2.11804.4
7f5834388000-7f583438a000 rw-p 0013a000 103:02 4494962                   /usr/lib/libcairo.so.2.11804.4
7f583438a000-7f583438b000 rw-p 00000000 00:00 0 
7f583438b000-7f5834399000 r--p 00000000 103:02 4482960                   /usr/lib/libpango-1.0.so.0.5701.0
7f5834399000-7f58343d7000 r-xp 0000e000 103:02 4482960                   /usr/lib/libpango-1.0.so.0.5701.0
7f58343d7000-7f58343f1000 r--p 0004c000 103:02 4482960                   /usr/lib/libpango-1.0.so.0.5701.0
7f58343f1000-7f58343f5000 r--p 00065000 103:02 4482960                   /usr/lib/libpango-1.0.so.0.5701.0
7f58343f5000-7f58343f6000 rw-p 00069000 103:02 4482960                   /usr/lib/libpango-1.0.so.0.5701.0
7f58343f6000-7f58343fb000 r--p 00000000 103:02 4482964                   /usr/lib/libpangocairo-1.0.so.0.5701.0
7f58343fb000-7f5834403000 r-xp 00005000 103:02 4482964                   /usr/lib/libpangocairo-1.0.so.0.5701.0
7f5834403000-7f5834405000 r--p 0000d000 103:02 4482964                   /usr/lib/libpangocairo-1.0.so.0.5701.0
7f5834405000-7f5834406000 r--p 0000f000 103:02 4482964                   /usr/lib/libpangocairo-1.0.so.0.5701.0
7f5834406000-7f5834407000 rw-p 00010000 103:02 4482964                   /usr/lib/libpangocairo-1.0.so.0.5701.0
7f5834407000-7f5834439000 r--p 00000000 103:02 4478844                   /usr/lib/libgio-2.0.so.0.8800.1
7f5834439000-7f5834568000 r-xp 00032000 103:02 4478844                   /usr/lib/libgio-2.0.so.0.8800.1
7f5834568000-7f58345e9000 r--p 00161000 103:02 4478844                   /usr/lib/libgio-2.0.so.0.8800.1
7f58345e9000-7f58345f2000 r--p 001e1000 103:02 4478844                   /usr/lib/libgio-2.0.so.0.8800.1
7f58345f2000-7f58345f3000 rw-p 001ea000 103:02 4478844                   /usr/lib/libgio-2.0.so.0.8800.1
7f58345f3000-7f58345f5000 rw-p 00000000 00:00 0 
7f58345f5000-7f5834601000 r--p 00000000 103:02 4478885                   /usr/lib/libgobject-2.0.so.0.8800.1
7f5834601000-7f583463a000 r-xp 0000c000 103:02 4478885                   /usr/lib/libgobject-2.0.so.0.8800.1
7f583463a000-7f5834654000 r--p 00045000 103:02 4478885                   /usr/lib/libgobject-2.0.so.0.8800.1
7f5834654000-7f5834657000 r--p 0005e000 103:02 4478885                   /usr/lib/libgobject-2.0.so.0.8800.1
7f5834657000-7f5834658000 rw-p 00061000 103:02 4478885                   /usr/lib/libgobject-2.0.so.0.8800.1
7f5834658000-7f583465a000 r--p 00000000 103:02 4478876                   /usr/lib/libgmodule-2.0.so.0.8800.1
7f583465a000-7f583465c000 r-xp 00002000 103:02 4478876                   /usr/lib/libgmodule-2.0.so.0.8800.1
7f583465c000-7f583465d000 r--p 00004000 103:02 4478876                   /usr/lib/libgmodule-2.0.so.0.8800.1
7f583465d000-7f583465e000 r--p 00004000 103:02 4478876                   /usr/lib/libgmodule-2.0.so.0.8800.1
7f583465e000-7f583465f000 rw-p 00005000 103:02 4478876                   /usr/lib/libgmodule-2.0.so.0.8800.1
7f583465f000-7f583467c000 r--p 00000000 103:02 4486080                   /usr/lib/libgdk-3.so.0.2420.32
7f583467c000-7f58346fe000 r-xp 0001d000 103:02 4486080                   /usr/lib/libgdk-3.so.0.2420.32
7f58346fe000-7f5834740000 r--p 0009f000 103:02 4486080                   /usr/lib/libgdk-3.so.0.2420.32
7f5834740000-7f583474a000 r--p 000e0000 103:02 4486080                   /usr/lib/libgdk-3.so.0.2420.32
7f583474a000-7f583474c000 rw-p 000ea000 103:02 4486080                   /usr/lib/libgdk-3.so.0.2420.32
7f583474c000-7f583474d000 rw-p 00000000 00:00 0 
7f583474d000-7f5834751000 ---p 00000000 00:00 0 
7f5834751000-7f583484d000 rw-p 00000000 00:00 0 
7f583484d000-7f5834850000 r--p 00000000 103:02 4496897                   /usr/lib/libXcursor.so.1.0.2
7f5834850000-7f5834856000 r-xp 00003000 103:02 4496897                   /usr/lib/libXcursor.so.1.0.2
7f5834856000-7f5834858000 r--p 00009000 103:02 4496897                   /usr/lib/libXcursor.so.1.0.2
7f5834858000-7f5834859000 r--p 0000a000 103:02 4496897                   /usr/lib/libXcursor.so.1.0.2
7f5834859000-7f583485a000 rw-p 0000b000 103:02 4496897                   /usr/lib/libXcursor.so.1.0.2
7f583485a000-7f583485d000 r--p 00000000 103:02 4472539                   /usr/lib/libpcre2-8.so.0.15.0
7f583485d000-7f58348db000 r-xp 00003000 103:02 4472539                   /usr/lib/libpcre2-8.so.0.15.0
7f58348db000-7f5834906000 r--p 00081000 103:02 4472539                   /usr/lib/libpcre2-8.so.0.15.0
7f5834906000-7f5834907000 r--p 000ab000 103:02 4472539                   /usr/lib/libpcre2-8.so.0.15.0
7f5834907000-7f5834908000 rw-p 000ac000 103:02 4472539                   /usr/lib/libpcre2-8.so.0.15.0
7f5834908000-7f583490a000 r--p 00000000 103:02 4558621                   /usr/lib/libgraphite2.so.3.2.1
7f583490a000-7f5834923000 r-xp 00002000 103:02 4558621                   /usr/lib/libgraphite2.so.3.2.1
7f5834923000-7f5834928000 r--p 0001b000 103:02 4558621                   /usr/lib/libgraphite2.so.3.2.1
7f5834928000-7f583492a000 r--p 0001f000 103:02 4558621                   /usr/lib/libgraphite2.so.3.2.1
7f583492a000-7f583492b000 rw-p 00021000 103:02 4558621                   /usr/lib/libgraphite2.so.3.2.1
7f583492b000-7f5834949000 r--p 00000000 103:02 4478864                   /usr/lib/libglib-2.0.so.0.8800.1
7f5834949000-7f58349f7000 r-xp 0001e000 103:02 4478864                   /usr/lib/libglib-2.0.so.0.8800.1
7f58349f7000-7f5834a8b000 r--p 000cc000 103:02 4478864                   /usr/lib/libglib-2.0.so.0.8800.1
7f5834a8b000-7f5834a8c000 r--p 00160000 103:02 4478864                   /usr/lib/libglib-2.0.so.0.8800.1
7f5834a8c000-7f5834a8d000 rw-p 00161000 103:02 4478864                   /usr/lib/libglib-2.0.so.0.8800.1
7f5834a8d000-7f5834a8e000 rw-p 00000000 00:00 0 
7f5834a8e000-7f5834a9b000 r--p 00000000 103:02 4507437                   /usr/lib/libharfbuzz.so.0.61420.0
7f5834a9b000-7f5834b8d000 r-xp 0000d000 103:02 4507437                   /usr/lib/libharfbuzz.so.0.61420.0
7f5834b8d000-7f5834bbe000 r--p 000ff000 103:02 4507437                   /usr/lib/libharfbuzz.so.0.61420.0
7f5834bbe000-7f5834bc0000 r--p 0012f000 103:02 4507437                   /usr/lib/libharfbuzz.so.0.61420.0
7f5834bc0000-7f5834bc1000 rw-p 00131000 103:02 4507437                   /usr/lib/libharfbuzz.so.0.61420.0
7f5834bc2000-7f5834bc5000 r--s 00000000 103:02 4997476                   /home/grounzer/.cache/fontconfig/699564f050ff7e0f9dae359f33bc56a5-le64.cache-9
7f5834bc5000-7f5834bd4000 r--s 00000000 103:02 5097917                   /home/grounzer/.cache/fontconfig/491f45a0a771fef1c10b9b647a97fb82-le64.cache-9
7f5834bd5000-7f5834bd6000 rw-s 155006000 00:07 464                       /dev/dri/renderD128
7f5834bd6000-7f5834bda000 r--s 00000000 103:02 5099647                   /home/grounzer/.cache/fontconfig/5642752acfb16c4b8af84e23b6f813dd-le64.cache-9
7f5834bda000-7f5834bdb000 rw-s 155005000 00:07 464                       /dev/dri/renderD128
7f5834bdb000-7f5834bdc000 rw-s 155004000 00:07 464                       /dev/dri/renderD128
7f5834bdc000-7f5834bde000 r--p 00000000 00:01 1126                       /memfd:smithay-dmabuffeedback-format-table (deleted)
7f5834bde000-7f5834be4000 r--s 00000000 103:02 5098194                   /home/grounzer/.cache/fontconfig/b67b32625a2bb51b023d3814a918f351-le64.cache-9
7f5834be4000-7f5834bef000 r--s 00000000 103:02 4997615                   /home/grounzer/.cache/fontconfig/4b31aef11cb0687b6d280d34cbe23592-le64.cache-9
7f5834bef000-7f5834bf0000 rw-s 00000000 00:01 131284                     /memfd:xshmfence (deleted)
7f5834bf0000-7f5834bf4000 r--s 00000000 103:02 5099265                   /home/grounzer/.cache/fontconfig/a6ec9db6b63d464aafa8e7c0b49df0cf-le64.cache-9
7f5834bf4000-7f5834bf7000 r--s 00000000 103:02 5099028                   /home/grounzer/.cache/fontconfig/a6912409548b9a06a240b05cb2414bc9-le64.cache-9
7f5834bf7000-7f5834bfa000 r--s 00000000 103:02 5095652                   /home/grounzer/.cache/fontconfig/6ba42ae0000f58711b5caaf10d690066-le64.cache-9
7f5834bfa000-7f5834bfd000 r--p 00000000 103:02 7995633                   /usr/lib/jvm/java-21-openjdk/lib/libfontmanager.so
7f5834bfd000-7f5834c05000 r-xp 00003000 103:02 7995633                   /usr/lib/jvm/java-21-openjdk/lib/libfontmanager.so
7f5834c05000-7f5834c07000 r--p 0000b000 103:02 7995633                   /usr/lib/jvm/java-21-openjdk/lib/libfontmanager.so
7f5834c07000-7f5834c08000 r--p 0000c000 103:02 7995633                   /usr/lib/jvm/java-21-openjdk/lib/libfontmanager.so
7f5834c08000-7f5834c09000 rw-p 0000d000 103:02 7995633                   /usr/lib/jvm/java-21-openjdk/lib/libfontmanager.so
7f5834c09000-7f5834c0c000 r--p 00000000 103:02 4471026                   /usr/lib/libXi.so.6.1.0
7f5834c0c000-7f5834c18000 r-xp 00003000 103:02 4471026                   /usr/lib/libXi.so.6.1.0
7f5834c18000-7f5834c1a000 r--p 0000f000 103:02 4471026                   /usr/lib/libXi.so.6.1.0
7f5834c1a000-7f5834c1b000 r--p 00011000 103:02 4471026                   /usr/lib/libXi.so.6.1.0
7f5834c1b000-7f5834c1c000 rw-p 00012000 103:02 4471026                   /usr/lib/libXi.so.6.1.0
7f5834c1c000-7f5834c1e000 r--p 00000000 103:02 4540392                   /usr/lib/libXrender.so.1.3.0
7f5834c1e000-7f5834c25000 r-xp 00002000 103:02 4540392                   /usr/lib/libXrender.so.1.3.0
7f5834c25000-7f5834c26000 r--p 00009000 103:02 4540392                   /usr/lib/libXrender.so.1.3.0
7f5834c26000-7f5834c27000 r--p 00009000 103:02 4540392                   /usr/lib/libXrender.so.1.3.0
7f5834c27000-7f5834c28000 rw-p 0000a000 103:02 4540392                   /usr/lib/libXrender.so.1.3.0
7f5834c28000-7f5834c36000 r--p 00000000 103:02 7995630                   /usr/lib/jvm/java-21-openjdk/lib/libawt_xawt.so
7f5834c36000-7f5834c7f000 r-xp 0000e000 103:02 7995630                   /usr/lib/jvm/java-21-openjdk/lib/libawt_xawt.so
7f5834c7f000-7f5834c93000 r--p 00057000 103:02 7995630                   /usr/lib/jvm/java-21-openjdk/lib/libawt_xawt.so
7f5834c93000-7f5834c95000 r--p 0006b000 103:02 7995630                   /usr/lib/jvm/java-21-openjdk/lib/libawt_xawt.so
7f5834c95000-7f5834c97000 rw-p 0006d000 103:02 7995630                   /usr/lib/jvm/java-21-openjdk/lib/libawt_xawt.so
7f5834c97000-7f5834c99000 rw-p 00000000 00:00 0 
7f5834c99000-7f5834c9e000 r--p 00000000 103:02 7995628                   /usr/lib/jvm/java-21-openjdk/lib/libawt.so
7f5834c9e000-7f5834d3b000 r-xp 00005000 103:02 7995628                   /usr/lib/jvm/java-21-openjdk/lib/libawt.so
7f5834d3b000-7f5834d48000 r--p 000a2000 103:02 7995628                   /usr/lib/jvm/java-21-openjdk/lib/libawt.so
7f5834d48000-7f5834d49000 r--p 000ae000 103:02 7995628                   /usr/lib/jvm/java-21-openjdk/lib/libawt.so
7f5834d49000-7f5834d54000 rw-p 000af000 103:02 7995628                   /usr/lib/jvm/java-21-openjdk/lib/libawt.so
7f5834d54000-7f5834d79000 rw-p 00000000 00:00 0 
7f5834d79000-7f5834d7a000 rw-p 00000000 00:00 0 
7f5834d7a000-7f5834d7e000 ---p 00000000 00:00 0 
7f5834d7e000-7f5834e7a000 rw-p 00000000 00:00 0 
7f5834e7a000-7f5834e7b000 r--p 00000000 103:02 4476068                   /usr/lib/libbrotlicommon.so.1.2.0
7f5834e7b000-7f5834e7c000 r-xp 00001000 103:02 4476068                   /usr/lib/libbrotlicommon.so.1.2.0
7f5834e7c000-7f5834e9b000 r--p 00002000 103:02 4476068                   /usr/lib/libbrotlicommon.so.1.2.0
7f5834e9b000-7f5834e9c000 r--p 00021000 103:02 4476068                   /usr/lib/libbrotlicommon.so.1.2.0
7f5834e9c000-7f5834e9d000 rw-p 00022000 103:02 4476068                   /usr/lib/libbrotlicommon.so.1.2.0
7f5834e9d000-7f5834ea3000 r--p 00000000 103:02 4486047                   /usr/lib/libpng16.so.16.58.0
7f5834ea3000-7f5834ecd000 r-xp 00006000 103:02 4486047                   /usr/lib/libpng16.so.16.58.0
7f5834ecd000-7f5834ed6000 r--p 00030000 103:02 4486047                   /usr/lib/libpng16.so.16.58.0
7f5834ed6000-7f5834ed7000 r--p 00039000 103:02 4486047                   /usr/lib/libpng16.so.16.58.0
7f5834ed7000-7f5834ed8000 rw-p 0003a000 103:02 4486047                   /usr/lib/libpng16.so.16.58.0
7f5834ed8000-7f5834ede000 r--p 00000000 103:02 4495449                   /usr/lib/libfreetype.so.6.20.6
7f5834ede000-7f5834f76000 r-xp 00006000 103:02 4495449                   /usr/lib/libfreetype.so.6.20.6
7f5834f76000-7f5834f9f000 r--p 0009e000 103:02 4495449                   /usr/lib/libfreetype.so.6.20.6
7f5834f9f000-7f5834fa7000 r--p 000c6000 103:02 4495449                   /usr/lib/libfreetype.so.6.20.6
7f5834fa7000-7f5834fa8000 rw-p 000ce000 103:02 4495449                   /usr/lib/libfreetype.so.6.20.6
7f5834fa8000-7f5834faa000 r--p 00000000 103:02 4496869                   /usr/lib/libGLdispatch.so.0.0.0
7f5834faa000-7f5834fe9000 r-xp 00002000 103:02 4496869                   /usr/lib/libGLdispatch.so.0.0.0
7f5834fe9000-7f5834ffc000 r--p 00041000 103:02 4496869                   /usr/lib/libGLdispatch.so.0.0.0
7f5834ffc000-7f5835018000 r--p 00054000 103:02 4496869                   /usr/lib/libGLdispatch.so.0.0.0
7f5835018000-7f5835019000 rw-p 00070000 103:02 4496869                   /usr/lib/libGLdispatch.so.0.0.0
7f5835019000-7f5835021000 rw-p 00000000 00:00 0 
7f5835021000-7f5835027000 r--p 00000000 103:02 4491352                   /usr/lib/libfontconfig.so.1.16.0
7f5835027000-7f5835058000 r-xp 00006000 103:02 4491352                   /usr/lib/libfontconfig.so.1.16.0
7f5835058000-7f583506f000 r--p 00037000 103:02 4491352                   /usr/lib/libfontconfig.so.1.16.0
7f583506f000-7f5835071000 r--p 0004d000 103:02 4491352                   /usr/lib/libfontconfig.so.1.16.0
7f5835071000-7f5835072000 rw-p 0004f000 103:02 4491352                   /usr/lib/libfontconfig.so.1.16.0
7f5835072000-7f5835089000 r--p 00000000 103:02 4480968                   /usr/lib/libX11.so.6.4.0
7f5835089000-7f583511e000 r-xp 00017000 103:02 4480968                   /usr/lib/libX11.so.6.4.0
7f583511e000-7f58351ad000 r--p 000ac000 103:02 4480968                   /usr/lib/libX11.so.6.4.0
7f58351ad000-7f58351b0000 r--p 0013a000 103:02 4480968                   /usr/lib/libX11.so.6.4.0
7f58351b0000-7f58351b4000 rw-p 0013d000 103:02 4480968                   /usr/lib/libX11.so.6.4.0
7f58351b4000-7f58351e3000 r--p 00000000 103:02 4496857                   /usr/lib/libGL.so.1.7.0
7f58351e3000-7f5835202000 r-xp 0002f000 103:02 4496857                   /usr/lib/libGL.so.1.7.0
7f5835202000-7f5835216000 r--p 0004e000 103:02 4496857                   /usr/lib/libGL.so.1.7.0
7f5835216000-7f5835224000 r--p 00062000 103:02 4496857                   /usr/lib/libGL.so.1.7.0
7f5835224000-7f5835225000 rw-p 00070000 103:02 4496857                   /usr/lib/libGL.so.1.7.0
7f5835225000-7f5835226000 rw-p 00000000 00:00 0 
7f5835226000-7f5835227000 rw-p 00000000 00:00 0 
7f5835227000-7f583522b000 ---p 00000000 00:00 0 
7f583522b000-7f5835328000 rw-p 00000000 00:00 0 
7f5835328000-7f583532c000 ---p 00000000 00:00 0 
7f583532c000-7f5835428000 rw-p 00000000 00:00 0 
7f5835428000-7f5835768000 rw-p 00000000 00:00 0 
7f5835768000-7f58383e0000 ---p 00000000 00:00 0 
7f58383e0000-7f5838400000 rw-p 00000000 00:00 0 
7f5838400000-7f5838b60000 rwxp 00000000 00:00 0 
7f5838b60000-7f583f85f000 ---p 00000000 00:00 0 
7f583f85f000-7f583fdcf000 rwxp 00000000 00:00 0 
7f583fdcf000-7f583ffa0000 ---p 00000000 00:00 0 
7f583ffa0000-7f5840210000 rwxp 00000000 00:00 0 
7f5840210000-7f5847400000 ---p 00000000 00:00 0 
7f5847400000-7f584fecf000 r--s 00000000 103:02 7995664                   /usr/lib/jvm/java-21-openjdk/lib/modules
7f584fecf000-7f584fed0000 r--p 00000000 103:02 4540318                   /usr/lib/libXdamage.so.1.1.0
7f584fed0000-7f584fed1000 r-xp 00001000 103:02 4540318                   /usr/lib/libXdamage.so.1.1.0
7f584fed1000-7f584fed2000 r--p 00002000 103:02 4540318                   /usr/lib/libXdamage.so.1.1.0
7f584fed2000-7f584fed3000 r--p 00002000 103:02 4540318                   /usr/lib/libXdamage.so.1.1.0
7f584fed3000-7f584fed4000 rw-p 00003000 103:02 4540318                   /usr/lib/libXdamage.so.1.1.0
7f584fed4000-7f584fed6000 r--p 00000000 103:02 4475768                   /usr/lib/libexpat.so.1.12.0
7f584fed6000-7f584fef4000 r-xp 00002000 103:02 4475768                   /usr/lib/libexpat.so.1.12.0
7f584fef4000-7f584fefc000 r--p 00020000 103:02 4475768                   /usr/lib/libexpat.so.1.12.0
7f584fefc000-7f584fefe000 r--p 00028000 103:02 4475768                   /usr/lib/libexpat.so.1.12.0
7f584fefe000-7f584feff000 rw-p 0002a000 103:02 4475768                   /usr/lib/libexpat.so.1.12.0
7f584feff000-7f584ff00000 rw-p 00000000 00:00 0 
7f584ff00000-7f584ff04000 ---p 00000000 00:00 0 
7f584ff04000-7f5850000000 rw-p 00000000 00:00 0 
7f5850000000-7f58506b3000 rw-p 00000000 00:00 0 
7f58506b3000-7f5854000000 ---p 00000000 00:00 0 
7f5854000000-7f5854001000 r--p 00000000 103:02 4504384                   /usr/lib/libwayland-egl.so.1.25.0
7f5854001000-7f5854002000 r-xp 00001000 103:02 4504384                   /usr/lib/libwayland-egl.so.1.25.0
7f5854002000-7f5854003000 r--p 00002000 103:02 4504384                   /usr/lib/libwayland-egl.so.1.25.0
7f5854003000-7f5854004000 r--p 00002000 103:02 4504384                   /usr/lib/libwayland-egl.so.1.25.0
7f5854004000-7f5854005000 rw-p 00003000 103:02 4504384                   /usr/lib/libwayland-egl.so.1.25.0
7f5854005000-7f5854009000 r--p 00000000 103:02 4494868                   /usr/lib/libXext.so.6.4.0
7f5854009000-7f5854014000 r-xp 00004000 103:02 4494868                   /usr/lib/libXext.so.6.4.0
7f5854014000-7f5854017000 r--p 0000f000 103:02 4494868                   /usr/lib/libXext.so.6.4.0
7f5854017000-7f5854018000 r--p 00011000 103:02 4494868                   /usr/lib/libXext.so.6.4.0
7f5854018000-7f5854019000 rw-p 00012000 103:02 4494868                   /usr/lib/libXext.so.6.4.0
7f5854019000-7f585401a000 r--p 00000000 103:02 4476076                   /usr/lib/libbrotlidec.so.1.2.0
7f585401a000-7f5854023000 r-xp 00001000 103:02 4476076                   /usr/lib/libbrotlidec.so.1.2.0
7f5854023000-7f5854026000 r--p 0000a000 103:02 4476076                   /usr/lib/libbrotlidec.so.1.2.0
7f5854026000-7f5854027000 r--p 0000c000 103:02 4476076                   /usr/lib/libbrotlidec.so.1.2.0
7f5854027000-7f5854028000 rw-p 0000d000 103:02 4476076                   /usr/lib/libbrotlidec.so.1.2.0
7f5854028000-7f5854029000 rw-p 00000000 00:00 0 
7f5854029000-7f585402d000 ---p 00000000 00:00 0 
7f585402d000-7f5854129000 rw-p 00000000 00:00 0 
7f5854129000-7f585412e000 r--p 00000000 103:02 7995647                   /usr/lib/jvm/java-21-openjdk/lib/libjsvml.so
7f585412e000-7f585416f000 r-xp 00005000 103:02 7995647                   /usr/lib/jvm/java-21-openjdk/lib/libjsvml.so
7f585416f000-7f58541f8000 r--p 00046000 103:02 7995647                   /usr/lib/jvm/java-21-openjdk/lib/libjsvml.so
7f58541f8000-7f58541f9000 r--p 000ce000 103:02 7995647                   /usr/lib/jvm/java-21-openjdk/lib/libjsvml.so
7f58541f9000-7f58541fa000 rw-p 000cf000 103:02 7995647                   /usr/lib/jvm/java-21-openjdk/lib/libjsvml.so
7f58541fa000-7f58541fb000 rw-p 00000000 00:00 0 
7f58541fb000-7f58541ff000 ---p 00000000 00:00 0 
7f58541ff000-7f58542fc000 rw-p 00000000 00:00 0 
7f58542fc000-7f5854300000 ---p 00000000 00:00 0 
7f5854300000-7f58543fd000 rw-p 00000000 00:00 0 
7f58543fd000-7f5854401000 ---p 00000000 00:00 0 
7f5854401000-7f58544fe000 rw-p 00000000 00:00 0 
7f58544fe000-7f5854502000 ---p 00000000 00:00 0 
7f5854502000-7f58545ff000 rw-p 00000000 00:00 0 
7f58545ff000-7f5854603000 ---p 00000000 00:00 0 
7f5854603000-7f5854700000 rw-p 00000000 00:00 0 
7f5854700000-7f5854704000 ---p 00000000 00:00 0 
7f5854704000-7f5854800000 rw-p 00000000 00:00 0 
7f5854800000-7f5854df4000 r--p 00000000 103:02 4557502                   /usr/lib/locale/locale-archive
7f5854df4000-7f5854df5000 rw-s 00000000 00:01 130406                     /memfd:xshmfence (deleted)
7f5854df5000-7f5854df8000 r--s 00000000 103:02 5099326                   /home/grounzer/.cache/fontconfig/d382b2a2a6f4d6d3bb2a064050195d5a-le64.cache-9
7f5854df8000-7f5854dfa000 r--p 00000000 103:02 4496865                   /usr/lib/libGLX.so.0.0.0
7f5854dfa000-7f5854e14000 r-xp 00002000 103:02 4496865                   /usr/lib/libGLX.so.0.0.0
7f5854e14000-7f5854e17000 r--p 0001c000 103:02 4496865                   /usr/lib/libGLX.so.0.0.0
7f5854e17000-7f5854e18000 r--p 0001f000 103:02 4496865                   /usr/lib/libGLX.so.0.0.0
7f5854e18000-7f5854e19000 rw-p 00020000 103:02 4496865                   /usr/lib/libGLX.so.0.0.0
7f5854e19000-7f5854e29000 rw-p 00000000 00:00 0 
7f5854e29000-7f5854e2b000 r--s 00000000 103:02 5099636                   /home/grounzer/.cache/fontconfig/318b89e6203f95b8de172e4b72c8d922-le64.cache-9
7f5854e2b000-7f5854e2d000 r--p 00000000 103:02 4495264                   /usr/lib/libXfixes.so.3.1.0
7f5854e2d000-7f5854e30000 r-xp 00002000 103:02 4495264                   /usr/lib/libXfixes.so.3.1.0
7f5854e30000-7f5854e31000 r--p 00005000 103:02 4495264                   /usr/lib/libXfixes.so.3.1.0
7f5854e31000-7f5854e32000 r--p 00005000 103:02 4495264                   /usr/lib/libXfixes.so.3.1.0
7f5854e32000-7f5854e33000 rw-p 00006000 103:02 4495264                   /usr/lib/libXfixes.so.3.1.0
7f5854e33000-7f5854e34000 r--p 00000000 103:02 4496963                   /usr/lib/libXinerama.so.1.0.0
7f5854e34000-7f5854e35000 r-xp 00001000 103:02 4496963                   /usr/lib/libXinerama.so.1.0.0
7f5854e35000-7f5854e36000 r--p 00002000 103:02 4496963                   /usr/lib/libXinerama.so.1.0.0
7f5854e36000-7f5854e37000 r--p 00002000 103:02 4496963                   /usr/lib/libXinerama.so.1.0.0
7f5854e37000-7f5854e38000 rw-p 00003000 103:02 4496963                   /usr/lib/libXinerama.so.1.0.0
7f5854e38000-7f5854e3f000 r--s 00000000 103:02 4557503                   /usr/lib/gconv/gconv-modules.cache
7f5854e3f000-7f5854e62000 r--p 00000000 103:02 4557500                   /usr/share/locale/zh_CN/LC_MESSAGES/libc.mo
7f5854e62000-7f5854e63000 rw-p 00000000 00:00 0 
7f5854e63000-7f5854e67000 ---p 00000000 00:00 0 
7f5854e67000-7f5855165000 rw-p 00000000 00:00 0 
7f5855165000-7f58551e6000 rw-p 00000000 00:00 0 
7f58551e6000-7f58553e8000 rw-p 00000000 00:00 0 
7f58553e8000-7f58560f5000 rw-p 00000000 00:00 0 
7f58560f5000-7f58563f8000 rw-p 00000000 00:00 0 
7f58563f8000-7f5856460000 rw-p 00000000 00:00 0 
7f5856460000-7f58569ef000 ---p 00000000 00:00 0 
7f58569ef000-7f5856a5b000 rw-p 00000000 00:00 0 
7f5856a5b000-7f5856fea000 ---p 00000000 00:00 0 
7f5856fea000-7f5857d00000 rw-p 00000000 00:00 0 
7f5857d00000-7f5857de4000 ---p 00000000 00:00 0 
7f5857de4000-7f5857df3000 rw-p 00000000 00:00 0 
7f5857df3000-7f5857ecd000 ---p 00000000 00:00 0 
7f5857ecd000-7f5857edd000 r--p 00000000 103:02 4460052                   /usr/lib/libm.so.6
7f5857edd000-7f5857f76000 r-xp 00010000 103:02 4460052                   /usr/lib/libm.so.6
7f5857f76000-7f5857ffe000 r--p 000a9000 103:02 4460052                   /usr/lib/libm.so.6
7f5857ffe000-7f5857fff000 r--p 00130000 103:02 4460052                   /usr/lib/libm.so.6
7f5857fff000-7f5858000000 rw-p 00131000 103:02 4460052                   /usr/lib/libm.so.6
7f5858000000-7f585809a000 r--p 00000000 103:02 4549651                   /usr/lib/libstdc++.so.6.0.35
7f585809a000-7f585821d000 r-xp 0009a000 103:02 4549651                   /usr/lib/libstdc++.so.6.0.35
7f585821d000-7f58582bd000 r--p 0021d000 103:02 4549651                   /usr/lib/libstdc++.so.6.0.35
7f58582bd000-7f58582ce000 r--p 002bc000 103:02 4549651                   /usr/lib/libstdc++.so.6.0.35
7f58582ce000-7f58582cf000 rw-p 002cd000 103:02 4549651                   /usr/lib/libstdc++.so.6.0.35
7f58582cf000-7f58582d3000 rw-p 00000000 00:00 0 
7f58582d3000-7f58582d4000 rw-s 155003000 00:07 464                       /dev/dri/renderD128
7f58582d4000-7f58582d5000 rw-s 155002000 00:07 464                       /dev/dri/renderD128
7f58582d5000-7f58582e1000 r--p 00000000 103:02 4491737                   /usr/lib/libxcb.so.1.1.0
7f58582e1000-7f58582f5000 r-xp 0000c000 103:02 4491737                   /usr/lib/libxcb.so.1.1.0
7f58582f5000-7f58582fe000 r--p 00020000 103:02 4491737                   /usr/lib/libxcb.so.1.1.0
7f58582fe000-7f58582ff000 r--p 00028000 103:02 4491737                   /usr/lib/libxcb.so.1.1.0
7f58582ff000-7f5858300000 rw-p 00029000 103:02 4491737                   /usr/lib/libxcb.so.1.1.0
7f5858300000-7f5858304000 ---p 00000000 00:00 0 
7f5858304000-7f5858400000 rw-p 00000000 00:00 0 
7f5858400000-7f5858410000 r--p 00000000 103:02 7995676                   /usr/lib/jvm/java-21-openjdk/lib/server/libjvm.so
7f5858410000-7f5859317000 r-xp 00010000 103:02 7995676                   /usr/lib/jvm/java-21-openjdk/lib/server/libjvm.so
7f5859317000-7f58595f1000 r--p 00f17000 103:02 7995676                   /usr/lib/jvm/java-21-openjdk/lib/server/libjvm.so
7f58595f1000-7f58596c7000 r--p 011f0000 103:02 7995676                   /usr/lib/jvm/java-21-openjdk/lib/server/libjvm.so
7f58596c7000-7f58596f7000 rw-p 012c6000 103:02 7995676                   /usr/lib/jvm/java-21-openjdk/lib/server/libjvm.so
7f58596f7000-7f585975d000 rw-p 00000000 00:00 0 
7f585975d000-7f585975f000 r--p 00000000 103:02 4495347                   /usr/lib/libXtst.so.6.1.0
7f585975f000-7f5859762000 r-xp 00002000 103:02 4495347                   /usr/lib/libXtst.so.6.1.0
7f5859762000-7f5859763000 r--p 00005000 103:02 4495347                   /usr/lib/libXtst.so.6.1.0
7f5859763000-7f5859764000 r--p 00005000 103:02 4495347                   /usr/lib/libXtst.so.6.1.0
7f5859764000-7f5859765000 rw-p 00006000 103:02 4495347                   /usr/lib/libXtst.so.6.1.0
7f5859765000-7f5859767000 r--p 00000000 103:02 4472226                   /usr/lib/libbz2.so.1.0.8
7f5859767000-7f5859774000 r-xp 00002000 103:02 4472226                   /usr/lib/libbz2.so.1.0.8
7f5859774000-7f5859776000 r--p 0000f000 103:02 4472226                   /usr/lib/libbz2.so.1.0.8
7f5859776000-7f5859777000 r--p 00010000 103:02 4472226                   /usr/lib/libbz2.so.1.0.8
7f5859777000-7f5859778000 rw-p 00011000 103:02 4472226                   /usr/lib/libbz2.so.1.0.8
7f5859778000-7f585977a000 r--p 00000000 103:02 4491631                   /usr/lib/libXdmcp.so.6.0.0
7f585977a000-7f585977c000 r-xp 00002000 103:02 4491631                   /usr/lib/libXdmcp.so.6.0.0
7f585977c000-7f585977e000 r--p 00004000 103:02 4491631                   /usr/lib/libXdmcp.so.6.0.0
7f585977e000-7f585977f000 r--p 00005000 103:02 4491631                   /usr/lib/libXdmcp.so.6.0.0
7f585977f000-7f5859780000 rw-p 00006000 103:02 4491631                   /usr/lib/libXdmcp.so.6.0.0
7f5859780000-7f5859783000 r--p 00000000 103:02 7995654                   /usr/lib/jvm/java-21-openjdk/lib/libnet.so
7f5859783000-7f585978b000 r-xp 00003000 103:02 7995654                   /usr/lib/jvm/java-21-openjdk/lib/libnet.so
7f585978b000-7f585978d000 r--p 0000b000 103:02 7995654                   /usr/lib/jvm/java-21-openjdk/lib/libnet.so
7f585978d000-7f585978e000 r--p 0000c000 103:02 7995654                   /usr/lib/jvm/java-21-openjdk/lib/libnet.so
7f585978e000-7f585978f000 rw-p 0000d000 103:02 7995654                   /usr/lib/jvm/java-21-openjdk/lib/libnet.so
7f585978f000-7f5859796000 r--p 00000000 103:02 7995655                   /usr/lib/jvm/java-21-openjdk/lib/libnio.so
7f5859796000-7f585979f000 r-xp 00007000 103:02 7995655                   /usr/lib/jvm/java-21-openjdk/lib/libnio.so
7f585979f000-7f58597a3000 r--p 00010000 103:02 7995655                   /usr/lib/jvm/java-21-openjdk/lib/libnio.so
7f58597a3000-7f58597a4000 r--p 00014000 103:02 7995655                   /usr/lib/jvm/java-21-openjdk/lib/libnio.so
7f58597a4000-7f58597a5000 rw-p 00015000 103:02 7995655                   /usr/lib/jvm/java-21-openjdk/lib/libnio.so
7f58597a5000-7f5859800000 rw-p 00000000 00:00 0 
7f5859800000-7f5859824000 r--p 00000000 103:02 4460021                   /usr/lib/libc.so.6
7f5859824000-7f585999a000 r-xp 00024000 103:02 4460021                   /usr/lib/libc.so.6
7f585999a000-7f5859a0f000 r--p 0019a000 103:02 4460021                   /usr/lib/libc.so.6
7f5859a0f000-7f5859a13000 r--p 0020e000 103:02 4460021                   /usr/lib/libc.so.6
7f5859a13000-7f5859a15000 rw-p 00212000 103:02 4460021                   /usr/lib/libc.so.6
7f5859a15000-7f5859a1d000 rw-p 00000000 00:00 0 
7f5859a1d000-7f5859a1e000 rw-s 135859000 00:07 464                       /dev/dri/renderD128
7f5859a1e000-7f5859a1f000 r--s 00000000 103:02 5098661                   /home/grounzer/.cache/fontconfig/787b69f04c7448ed6c581b040220c91f-le64.cache-9
7f5859a1f000-7f5859a21000 r--p 00000000 103:02 7995663                   /usr/lib/jvm/java-21-openjdk/lib/libzip.so
7f5859a21000-7f5859a25000 r-xp 00002000 103:02 7995663                   /usr/lib/jvm/java-21-openjdk/lib/libzip.so
7f5859a25000-7f5859a27000 r--p 00006000 103:02 7995663                   /usr/lib/jvm/java-21-openjdk/lib/libzip.so
7f5859a27000-7f5859a28000 r--p 00007000 103:02 7995663                   /usr/lib/jvm/java-21-openjdk/lib/libzip.so
7f5859a28000-7f5859a29000 rw-p 00008000 103:02 7995663                   /usr/lib/jvm/java-21-openjdk/lib/libzip.so
7f5859a29000-7f5859b08000 rw-p 00000000 00:00 0 
7f5859b08000-7f5859b0c000 ---p 00000000 00:00 0 
7f5859b0c000-7f5859b10000 r--p 00000000 103:02 4460677                   /usr/lib/libgcc_s.so.1
7f5859b10000-7f5859b33000 r-xp 00004000 103:02 4460677                   /usr/lib/libgcc_s.so.1
7f5859b33000-7f5859b37000 r--p 00027000 103:02 4460677                   /usr/lib/libgcc_s.so.1
7f5859b37000-7f5859b38000 r--p 0002b000 103:02 4460677                   /usr/lib/libgcc_s.so.1
7f5859b38000-7f5859b39000 rw-p 0002c000 103:02 4460677                   /usr/lib/libgcc_s.so.1
7f5859b39000-7f5859b3c000 rw-p 00000000 00:00 0 
7f5859b3c000-7f5859b3f000 r--p 00000000 103:02 4471901                   /usr/lib/libz.so.1.3.2
7f5859b3f000-7f5859b4f000 r-xp 00003000 103:02 4471901                   /usr/lib/libz.so.1.3.2
7f5859b4f000-7f5859b55000 r--p 00013000 103:02 4471901                   /usr/lib/libz.so.1.3.2
7f5859b55000-7f5859b56000 r--p 00018000 103:02 4471901                   /usr/lib/libz.so.1.3.2
7f5859b56000-7f5859b57000 rw-p 00019000 103:02 4471901                   /usr/lib/libz.so.1.3.2
7f5859b57000-7f5859b58000 rw-s 135858000 00:07 464                       /dev/dri/renderD128
7f5859b58000-7f5859b59000 rw-p 00000000 00:00 0 
7f5859b59000-7f5859b5a000 rw-p 00000000 00:00 0 
7f5859b5a000-7f5859b5b000 r--p 00000000 103:02 4491636                   /usr/lib/libXau.so.6.0.0
7f5859b5b000-7f5859b5c000 r-xp 00001000 103:02 4491636                   /usr/lib/libXau.so.6.0.0
7f5859b5c000-7f5859b5d000 r--p 00002000 103:02 4491636                   /usr/lib/libXau.so.6.0.0
7f5859b5d000-7f5859b5e000 r--p 00002000 103:02 4491636                   /usr/lib/libXau.so.6.0.0
7f5859b5e000-7f5859b5f000 rw-p 00003000 103:02 4491636                   /usr/lib/libXau.so.6.0.0
7f5859b5f000-7f5859b69000 r--p 00000000 103:02 7995639                   /usr/lib/jvm/java-21-openjdk/lib/libjava.so
7f5859b69000-7f5859b77000 r-xp 0000a000 103:02 7995639                   /usr/lib/jvm/java-21-openjdk/lib/libjava.so
7f5859b77000-7f5859b7c000 r--p 00018000 103:02 7995639                   /usr/lib/jvm/java-21-openjdk/lib/libjava.so
7f5859b7c000-7f5859b7d000 r--p 0001d000 103:02 7995639                   /usr/lib/jvm/java-21-openjdk/lib/libjava.so
7f5859b7d000-7f5859b7e000 rw-p 0001e000 103:02 7995639                   /usr/lib/jvm/java-21-openjdk/lib/libjava.so
7f5859b7e000-7f5859b7f000 rw-p 00000000 00:00 0 
7f5859b7f000-7f5859b87000 rw-s 00000000 00:2c 23282                      /tmp/hsperfdata_grounzer/538622 (deleted)
7f5859b87000-7f5859b88000 ---p 00000000 00:00 0 
7f5859b88000-7f5859b89000 r--p 00000000 00:00 0 
7f5859b89000-7f5859b8a000 ---p 00000000 00:00 0 
7f5859b8a000-7f5859b8b000 r--p 00000000 103:02 7995643                   /usr/lib/jvm/java-21-openjdk/lib/libjimage.so
7f5859b8b000-7f5859b8d000 r-xp 00001000 103:02 7995643                   /usr/lib/jvm/java-21-openjdk/lib/libjimage.so
7f5859b8d000-7f5859b8e000 r--p 00003000 103:02 7995643                   /usr/lib/jvm/java-21-openjdk/lib/libjimage.so
7f5859b8e000-7f5859b8f000 r--p 00004000 103:02 7995643                   /usr/lib/jvm/java-21-openjdk/lib/libjimage.so
7f5859b8f000-7f5859b90000 rw-p 00005000 103:02 7995643                   /usr/lib/jvm/java-21-openjdk/lib/libjimage.so
7f5859b90000-7f5859b92000 r--p 00000000 103:02 7995644                   /usr/lib/jvm/java-21-openjdk/lib/libjli.so
7f5859b92000-7f5859b9c000 r-xp 00002000 103:02 7995644                   /usr/lib/jvm/java-21-openjdk/lib/libjli.so
7f5859b9c000-7f5859b9f000 r--p 0000c000 103:02 7995644                   /usr/lib/jvm/java-21-openjdk/lib/libjli.so
7f5859b9f000-7f5859ba0000 r--p 0000f000 103:02 7995644                   /usr/lib/jvm/java-21-openjdk/lib/libjli.so
7f5859ba0000-7f5859ba1000 rw-p 00010000 103:02 7995644                   /usr/lib/jvm/java-21-openjdk/lib/libjli.so
7f5859ba1000-7f5859ba3000 rw-p 00000000 00:00 0 
7f5859ba3000-7f5859ba7000 r--p 00000000 00:00 0                          [vvar]
7f5859ba7000-7f5859ba9000 r--p 00000000 00:00 0                          [vvar_vclock]
7f5859ba9000-7f5859bab000 r-xp 00000000 00:00 0                          [vdso]
7f5859bab000-7f5859bac000 r--p 00000000 103:02 4459968                   /usr/lib/ld-linux-x86-64.so.2
7f5859bac000-7f5859bd6000 r-xp 00001000 103:02 4459968                   /usr/lib/ld-linux-x86-64.so.2
7f5859bd6000-7f5859be5000 r--p 0002b000 103:02 4459968                   /usr/lib/ld-linux-x86-64.so.2
7f5859be5000-7f5859be7000 r--p 00039000 103:02 4459968                   /usr/lib/ld-linux-x86-64.so.2
7f5859be7000-7f5859be8000 rw-p 0003b000 103:02 4459968                   /usr/lib/ld-linux-x86-64.so.2
7f5859be8000-7f5859be9000 rw-p 00000000 00:00 0 
7fff4fd14000-7fff4fd39000 rw-p 00000000 00:00 0                          [stack]
ffffffffff600000-ffffffffff601000 --xp 00000000 00:00 0                  [vsyscall]
Total number of mappings: 1087

JVMTI agents: none


VM Arguments:
jvm_args: -Dcompose.application.configure.swing.globals=true -Dcompose.application.resources.dir=/home/grounzer/Desktop/ksc/composeApp/build/compose/tmp/prepareAppResources -Dfile.encoding=UTF-8 -Duser.country=CN -Duser.language=zh -Duser.variant 
java_command: grouzerliu.mirrorgame.MainKt
java_class_path (initial): /home/grounzer/Desktop/ksc/composeApp/build/libs/composeApp-jvm.jar:/home/grounzer/.gradle/caches/modules-2/files-2.1/org.jetbrains.compose.material3/material3-desktop/1.11.0-alpha04/d993fe6aeec92b229f9d7515dec6cc8cd57f4e47/material3-desktop-1.11.0-alpha04.jar:/home/grounzer/.gradle/caches/modules-2/files-2.1/org.jetbrains.compose.components/components-resources-desktop/1.11.0-alpha04/65d4f67efbcd5933f6e755346f0edcdc01a7a07e/library-desktop-1.11.0-alpha04.jar:/home/grounzer/.gradle/caches/modules-2/files-2.1/org.jetbrains.compose.desktop/desktop-jvm/1.11.0-alpha04/1fee826ff9d1fafd500b57a22facfc0236bc14c7/desktop-jvm-1.11.0-alpha04.jar:/home/grounzer/.gradle/caches/modules-2/files-2.1/org.jetbrains.compose.material/material-desktop/1.11.0-alpha04/4c3712b62b5f65ab21306c123e000127277a020b/material-desktop-1.11.0-alpha04.jar:/home/grounzer/.gradle/caches/modules-2/files-2.1/org.jetbrains.compose.animation/animation-core-desktop/1.11.0-alpha04/58d37e3c4315c8c65b5f3802afadb690f45b6015/animation-core-desktop-1.11.0-alpha04.jar:/home/grounzer/.gradle/caches/modules-2/files-2.1/org.jetbrains.compose.material/material-ripple-desktop/1.11.0-alpha04/a71c79878c535544407491590ab2ef475deca18b/material-ripple-desktop-1.11.0-alpha04.jar:/home/grounzer/.gradle/caches/modules-2/files-2.1/org.jetbrains.compose.animation/animation-desktop/1.11.0-alpha04/f1323dd9632bc1ccd5f26fcfe8642078b1534237/animation-desktop-1.11.0-alpha04.jar:/home/grounzer/.gradle/caches/modules-2/files-2.1/org.jetbrains.compose.foundation/foundation-layout-desktop/1.11.0-alpha04/8e8949173e603364f1979c37229c25b1ac57f498/foundation-layout-desktop-1.11.0-alpha04.jar:/home/grounzer/.gradle/caches/modules-2/files-2.1/org.jetbrains.compose.foundation/foundation-desktop/1.11.0-alpha04/b495e3425637c895799a741f5112320b416aa98e/foundation-desktop-1.11.0-alpha04.jar:/home/grounzer/.gradle/caches/modules-2/files-2.1/org.jetbrains.compose.ui/ui-unit-desktop/1.11.0-alpha04/f6c06f98da206d01dc40c1587c6bc4c40cbef623/ui-unit-desktop-1.11.0-alpha04.jar:/home/grounzer/.gradle/caches/modules-2/files-2.1/org.jetbrains.compose.ui/ui-graphics-desktop/1.11.0-alpha04/b9be813374b562892ab890e6e866c369a1b42f7f/ui-graphics-desktop-1.11.0-alpha04.jar:/home/grounzer/.gradle/caches/modules-2/files-2.1/org.jetbrains.compose.ui/ui-geometry-desktop/1.11.0-alpha04/5e430152487375359973ac9874653d335dcc220/ui-geometry-desktop-1.11.0-alpha04.jar:/home/grounzer/.gradle/caches/modules-2/files-2.1/org.jetbrains.compose.ui/ui-backhandler-desktop/1.11.0-alpha04/bd3540bb1d6abd60c5e58f32663b2f3e89406cd1/ui-backhandler-desktop-1.11.0-alpha04.jar:/home/grounzer/.gradle/caches/modules-2/files-2.1/org.jetbrains.compose.ui/ui-util-desktop/1.11.0-alpha04/76f6e0c67cec95e1510162f936c633107b50ecd0/ui-util-desktop-1.11.0-alpha04.jar:/home/grounzer/.gradle/caches/modules-2/files-2.1/org.jetbrains.compose.ui/ui-text-desktop/1.11.0-alpha04/cac2ef92bbb9514584fc6ee2ed14eeddb008634c/ui-text-desktop-1.11.0-alpha04.jar:/home/grounzer/.gradle/caches/modules-2/files-2.1/org.jetbrains.compose.ui/ui-tooling-preview-desktop/1.11.0-alpha04/bfe4b0a1ba9e9e7b68fef3d0a5957151a703ee6f/ui-tooling-preview-desktop-1.11.0-alpha04.jar:/home/grounzer/.gradle/caches/modules-2/files-2.1/org.jetbrains.compose.ui/ui-desktop/1.11.0-alpha04/5d86453c3ffd3e10366d223cbcdc1dcd19d624a4/ui-desktop-1.11.0-alpha04.jar:/home/grounzer/.gradle/caches/modules-2/files-2.1/org.jetbrains.skiko/skiko-awt-runtime-linux-x64/0.144.4/f4f6c36e8c6e2c218b2e1d9028bed0b6676002bd/skiko-awt-runtime-linux-x64-0.144.4.jar:/home/grounzer/.gradle/caches/modules-2/files-2.1/org.jetbrains.skiko/skiko-awt/0.144.4/bd2aec3acd215fbec0afaaee935b0e7cd195f665/skiko-awt-0.144.4.jar:/home/grounzer/.gradle/caches/modules-2/files-2.1/androidx.navigationevent/navigationevent-desktop/1.1.0-alpha01/b81c9b22883495e48b025f6cc3d4585d3e7cf5ed/navigationevent-desktop-1.1.0-alpha01.jar:/home/grounzer/.gradle/caches/modules-2/files-2.1/androidx.compose.runtime/runtime-annotation-jvm/1.11.0-alpha06/db4aa964627ac96331b72e231b9ad54318d112f4/runtime-annotation-jvm-1.11.0-alpha06.jar:/home/grounzer/.gradle/caches/modules-2/files-2.1/androidx.compose.runtime/runtime-retain-desktop/1.11.0-alpha06/2b4ceb0fa8076771fe59b524fb70cc66fbdc352b/runtime-retain-desktop-1.11.0-alpha06.jar:/home/grounzer/.gradle/caches/modules-2/files-2.1/androidx.lifecycle/lifecycle-runtime-desktop/2.11.0-alpha01/e872fe8ec6de18fa125cb86b8fdc0de983f17a95/lifecycle-runtime-desktop-2.11.0-alpha01.jar:/home/grounzer/.gradle/caches/modules-2/files-2.1/org.jetbrains.androidx.savedstate/savedstate-compose-desktop/1.3.6/63692375ffe667f12cb3ea8aa1e605d659ed2add/savedstate-compose-desktop-1.3.6.jar:/home/grounzer/.gradle/caches/modules-2/files-2.1/androidx.savedstate/savedstate-compose-desktop/1.4.0/d3d6e0e2108528eb6080dc250da925a572be4202/savedstate-compose-desktop-1.4.0.jar:/home/grounzer/.gradle/caches/modules-2/files-2.1/androidx.savedstate/savedstate-desktop/1.4.0/3b049a0f81643d6b4b900de95bc23efc085c32d5/savedstate-desktop-1.4.0.jar:/home/grounzer/.gradle/caches/modules-2/files-2.1/androidx.lifecycle/lifecycle-common-jvm/2.11.0-alpha01/cb502a98c1d3cb422ecaad281a4fbc7801f5cfcd/lifecycle-common-jvm-2.11.0-alpha01.jar:/home/grounzer/.gradle/caches/modules-2/files-2.1/androidx.lifecycle/lifecycle-viewmodel-savedstate-desktop/2.11.0-alpha01/d0b440872412c51409e3ad9df4c952288e84d2bc/lifecycle-viewmodel-savedstate-desktop-2.11.0-alpha01.jar:/home/grounzer/.gradle/caches/modules-2/files-2.1/androidx.lifecycle/lifecycle-viewmodel-desktop/2.11.0-alpha01/1056e0efeecafa5045684b8aa260a5836f64674f/lifecycle-viewmodel-desktop-2.11.0-alpha01.jar:/home/grounzer/.gradle/caches/modules-2/files-2.1/androidx.lifecycle/lifecycle-runtime-compose-desktop/2.11.0-alpha01/9f6031ac3f4375a1ebdb89c4f6b838087a411c65/lifecycle-runtime-compose-desktop-2.11.0-alpha01.jar:/home/grounzer/.gradle/caches/modules-2/files-2.1/androidx.lifecycle/lifecycle-viewmodel-compose-desktop/2.11.0-alpha01/9e04e0456b5cc59a6a5b0e7c1e83b47dfaaaef83/lifecycle-viewmodel-compose-desktop-2.11.0-alpha01.jar:/home/grounzer/.gradle/caches/modules-2/files-2.1/androidx.compose.runtime/runtime-saveable-desktop/1.11.0-alpha06/ee15696a45f75df1d76a60df01e2f869f95b3fb4/runtime-saveable-desktop-1.11.0-alpha06.jar:/home/grounzer/.gradle/caches/modules-2/files-2.1/org.jetbrains.compose.runtime/runtime-saveable-desktop/1.11.0-alpha04/b7c8a8ed985a0f15b4d8d206de1fc6125b499388/runtime-saveable-desktop-1.11.0-alpha04.jar:/home/grounzer/.gradle/caches/modules-2/files-2.1/org.jetbrains.androidx.lifecycle/lifecycle-runtime-compose-desktop/2.11.0-alpha01/e93db8959692f5740745b457135c1ab209a67923/lifecycle-runtime-compose-desktop-2.11.0-alpha01.jar:/home/grounzer/.gradle/caches/modules-2/files-2.1/org.jetbrains.androidx.lifecycle/lifecycle-viewmodel-compose-desktop/2.11.0-alpha01/25df0b7b86731829cb34805ff8ebb167b198b916/lifecycle-viewmodel-compose-desktop-2.11.0-alpha01.jar:/home/grounzer/.gradle/caches/modules-2/files-2.1/org.jetbrains.compose.runtime/runtime-desktop/1.11.0-alpha04/1941336b045aac4b87cc3be81d9fdb9977c88c61/runtime-desktop-1.11.0-alpha04.jar:/home/grounzer/.gradle/caches/modules-2/files-2.1/androidx.compose.runtime/runtime-desktop/1.11.0-alpha06/926fb5437e4cb95f0db1d519f069ae3b51ce6f05/runtime-desktop-1.11.0-alpha06.jar:/home/grounzer/.gradle/caches/modules-2/files-2.1/org.jetbrains.kotlinx/kotlinx-coroutines-core-jvm/1.10.2/4a9f78ef49483748e2c129f3d124b8fa249dafbf/kotlinx-coroutines-core-jvm-1.10.2.jar:/home/grounzer/.gradle/caches/modules-2/files-2.1/org.jetbrains.kotlinx/kotlinx-coroutines-swing/1.10.2/ccb5a2e7c83fa76da0ba4677f05678d3bd3eed57/kotlinx-coroutines-swing-1.10.2.jar:/home/grounzer/.gradle/caches/modules-2/files-2.1/org.jetbrains.kotlinx/atomicfu-jvm/0.28.0/6a9ac536f4b2144e57c176fd4e26821eb12084f4/atomicfu-jvm-0.28.0.jar:/home/grounzer/.gradle/caches/modules-2/files-2.1/androidx.graphics/graphics-shapes-desktop/1.1.0/a5d2198960bdc0915f74c6b2954d3323f35f40ea/graphics-shapes-desktop-1.1.0.jar:/home/grounzer/.gradle/caches/modules-2/files-2.1/androidx.collection/collection-jvm/1.5.0/7ba2c69414d46ebc2dd76598bdd0a75c54281a57/collection-jvm-1.5.0.jar:/home/grounzer/.gradle/caches/modules-2/files-2.1/org.jetbrains.kotlinx/kotlinx-datetime-jvm/0.7.1/81c2e0246bd28cc2dcbdf0ab53628322e66a9de9/kotlinx-datetime-jvm-0.7.1.jar:/home/grounzer/.gradle/caches/modules-2/files-2.1/androidx.arch.core/core-common/2.2.0/5e1b8b81dfd5f52c56a8d53b18ca759c19a301f3/core-common-2.2.0.jar:/home/grounzer/.gradle/caches/modules-2/files-2.1/androidx.annotation/annotation-jvm/1.9.1/b17951747e38bf3986a24431b9ba0d039958aa5f/annotation-jvm-1.9.1.jar:/home/grounzer/.gradle/caches/modules-2/files-2.1/org.jetbrains.kotlinx/kotlinx-serialization-core-jvm/1.7.3/1f226780b845ff9206474c05159245d861556249/kotlinx-serialization-core-jvm-1.7.3.jar:/home/grounzer/.gradle/caches/modules-2/files-2.1/org.jetbrains.kotlin/kotlin-stdlib/2.3.20/ed866de74ad3d49086a27bbd75952cd186479436/kotlin-stdlib-2.3.20.jar:/home/grounzer/.gradle/caches/modules-2/files-2.1/com.google.code.gson/gson/2.11.0/527175ca6d81050b53bdd4c457a6d6e017626b0e/gson-2.11.0.jar:/home/grounzer/.gradle/caches/modules-2/files-2.1/org.bytedeco/javacv/1.5.13/e073ea948cd2c42393cdddd1568b1ff81d1d519f/javacv-1.5.13.jar:/home/grounzer/.gradle/caches/modules-2/files-2.1/org.bytedeco/ffmpeg/8.0.1-1.5.13/70ef5e0f60b46f77cd32cb4bb138c7d7e8f4f862/ffmpeg-8.0.1-1.5.13.jar:/home/grounzer/.gradle/caches/modules-2/files-2.1/org.bytedeco/ffmpeg/8.0.1-1.5.13/352b99915b3cb9027b37eba76a229506044498ef/ffmpeg-8.0.1-1.5.13-linux-x86_64.jar:/home/grounzer/.gradle/caches/modules-2/files-2.1/org.lwjgl/lwjgl-opengl/3.4.1/830412cab823c029cda6b9729f9d2ed36cf79959/lwjgl-opengl-3.4.1.jar:/home/grounzer/.gradle/caches/modules-2/files-2.1/org.lwjgl/lwjgl-opengl/3.4.1/b750599f0e75ddb19f1d0fe993f3011334b710ae/lwjgl-opengl-3.4.1-natives-linux.jar:/home/grounzer/.gradle/caches/modules-2/files-2.1/org.lwjgl/lwjgl-glfw/3.4.1/a782b1ddd175c9107bf300fd92920579ea65e2a4/lwjgl-glfw-3.4.1.jar:/home/grounzer/.gradle/caches/modules-2/files-2.1/org.lwjgl/lwjgl-glfw/3.4.1/23cdf7655ce9f3b27ad90f08e73345e0d5b46362/lwjgl-glfw-3.4.1-natives-linux.jar:/home/grounzer/.gradle/caches/modules-2/files-2.1/org.lwjgl/lwjgl/3.4.1/6105690714874b995aa7812e4f7732a21109276c/lwjgl-3.4.1.jar:/home/grounzer/.gradle/caches/modules-2/files-2.1/org.lwjgl/lwjgl/3.4.1/2734e106bd95db49fe0da8cf8bf7fd96475c436c/lwjgl-3.4.1-natives-linux.jar:/home/grounzer/.gradle/caches/modules-2/files-2.1/org.lwjglx/lwjgl3-awt/0.2.4/b6603f50d55f4db296b1c3020b27ef3abe2a8a28/lwjgl3-awt-0.2.4.jar:/home/grounzer/.gradle/caches/modules-2/files-2.1/org.jetbrains/annotations/23.0.0/8cc20c07506ec18e0834947b84a864bfc094484e/annotations-23.0.0.jar:/home/grounzer/.gradle/caches/modules-2/files-2.1/com.google.errorprone/error_prone_annotations/2.27.0/91b2c29d8a6148b5e2e4930f070d4840e2e48e34/error_prone_annotations-2.27.0.jar:/home/grounzer/.gradle/caches/modules-2/files-2.1/org.bytedeco/opencv/4.13.0-1.5.13/f2bedeaadfc8561141159a7f59f91d455ee073e5/opencv-4.13.0-1.5.13.jar:/home/grounzer/.gradle/caches/modules-2/files-2.1/org.bytedeco/openblas/0.3.31-1.5.13/c8c39f495bbe6d5c409b58aab4463655ba0d6950/openblas-0.3.31-1.5.13.jar:/home/grounzer/.gradle/caches/modules-2/files-2.1/org.bytedeco/flycapture/2.13.3.31-1.5.9/c653e61d46ebe5a5c0e71c17681f126320422f4/flycapture-2.13.3.31-1.5.9.jar:/home/grounzer/.gradle/caches/modules-2/files-2.1/org.bytedeco/libdc1394/2.2.6-1.5.9/fa32142e37d3be048b64fb52ca51deca6d5de667/libdc1394-2.2.6-1.5.9.jar:/home/grounzer/.gradle/caches/modules-2/files-2.1/org.bytedeco/libfreenect/0.5.7-1.5.9/16c037cd4f9e9f35a8e88fea29979e96b711f6ff/libfreenect-0.5.7-1.5.9.jar:/home/grounzer/.gradle/caches/modules-2/files-2.1/org.bytedeco/libfreenect2/0.2.0-1.5.9/2008343f5ea8bbbf1d516bf630a2656c91711a9/libfreenect2-0.2.0-1.5.9.jar:/home/grounzer/.gradle/caches/modules-2/files-2.1/org.bytedeco/librealsense/1.12.4-1.5.9/27fb41a9d834522fb6d3acd56defbe56ccfb45e1/librealsense-1.12.4-1.5.9.jar:/home/grounzer/.gradle/caches/modules-2/files-2.1/org.bytedeco/librealsense2/2.53.1-1.5.9/3123b090f70551bbf78bb973b2ee6d555c2efe5e/librealsense2-2.53.1-1.5.9.jar:/home/grounzer/.gradle/caches/modules-2/files-2.1/org.bytedeco/videoinput/0.200-1.5.9/296ef2dc4f171920b3c8dc50efb9db6e915a1bd2/videoinput-0.200-1.5.9.jar:/home/grounzer/.gradle/caches/modules-2/files-2.1/org.bytedeco/artoolkitplus/2.3.1-1.5.9/af6a8e3a14873b7de80d632e06eb0b3c9cc00c86/artoolkitplus-2.3.1-1.5.9.jar:/home/grounzer/.gradle/caches/modules-2/files-2.1/org.bytedeco/tesseract/5.5.2-1.5.13/73ecd8963bee5ca36545f0144dafc7279c3813a3/tesseract-5.5.2-1.5.13.jar:/home/grounzer/.gradle/caches/modules-2/files-2.1/org.bytedeco/leptonica/1.87.0-1.5.13/1569ca26a58dbf2413ba99521ae68714506d40e/leptonica-1.87.0-1.5.13.jar:/home/grounzer/.gradle/caches/modules-2/files-2.1/org.bytedeco/javacpp/1.5.13/5b2dfff5719e518b8616f9330315f1a6b3bef93d/javacpp-1.5.13.jar:/home/grounzer/.gradle/caches/modules-2/files-2.1/org.lwjgl/lwjgl-jawt/3.4.0/98470d501ef97e6134c7ab5c7a01eca3dc99bac6/lwjgl-jawt-3.4.0.jar:/home/grounzer/.gradle/caches/modules-2/files-2.1/org.jetbrains.runtime/jbr-api/1.9.0/2bc161f5472b5fd5610740e4d6ebe896c811cb0e/jbr-api-1.9.0.jar:/home/grounzer/.gradle/caches/modules-2/files-2.1/org.jspecify/jspecify/1.0.0/7425a601c1c7ec76645a78d22b8c6a627edee507/jspecify-1.0.0.jar
Launcher Type: SUN_STANDARD

[Global flags]
     intx CICompilerCount                          = 12                                        {product} {ergonomic}
     uint ConcGCThreads                            = 3                                         {product} {ergonomic}
     uint G1ConcRefinementThreads                  = 13                                        {product} {ergonomic}
   size_t G1HeapRegionSize                         = 2097152                                   {product} {ergonomic}
    uintx GCDrainStackTargetSize                   = 64                                        {product} {ergonomic}
   size_t InitialHeapSize                          = 201326592                                 {product} {ergonomic}
   size_t MarkStackSize                            = 4194304                                   {product} {ergonomic}
   size_t MaxHeapSize                              = 3210739712                                {product} {ergonomic}
   size_t MaxNewSize                               = 1925185536                                {product} {ergonomic}
   size_t MinHeapDeltaBytes                        = 2097152                                   {product} {ergonomic}
   size_t MinHeapSize                              = 8388608                                   {product} {ergonomic}
    uintx NonNMethodCodeHeapSize                   = 7602480                                {pd product} {ergonomic}
    uintx NonProfiledCodeHeapSize                  = 122027880                              {pd product} {ergonomic}
    uintx ProfiledCodeHeapSize                     = 122027880                              {pd product} {ergonomic}
    uintx ReservedCodeCacheSize                    = 251658240                              {pd product} {ergonomic}
     bool SegmentedCodeCache                       = true                                      {product} {ergonomic}
   size_t SoftMaxHeapSize                          = 3210739712                             {manageable} {ergonomic}
     bool UseCompressedOops                        = true                           {product lp64_product} {ergonomic}
     bool UseG1GC                                  = true                                      {product} {ergonomic}

Logging:
Log output configuration:
 #0: 
[error occurred during error reporting (printing log configuration), id 0xb, SIGSEGV (0xb) at pc=0x00007f5858d61fac]
Release file:
IMPLEMENTOR="Arch Linux"
JAVA_RUNTIME_VERSION="21.0.11+10"
JAVA_VERSION="21.0.11"
JAVA_VERSION_DATE="2026-04-21"
LIBC="gnu"
MODULES="java.base java.compiler java.datatransfer java.xml java.prefs java.desktop java.instrument java.logging java.management java.security.sasl java.naming java.rmi java.management.rmi java.net.http java.scripting java.security.jgss java.transaction.xa java.sql java.sql.rowset java.xml.crypto java.se java.smartcardio jdk.accessibility jdk.internal.jvmstat jdk.attach jdk.charsets jdk.internal.opt jdk.zipfs jdk.compiler jdk.crypto.ec jdk.crypto.cryptoki jdk.dynalink jdk.internal.ed jdk.editpad jdk.hotspot.agent jdk.httpserver jdk.incubator.vector jdk.internal.le jdk.internal.vm.ci jdk.internal.vm.compiler jdk.internal.vm.compiler.management jdk.jartool jdk.javadoc jdk.jcmd jdk.management jdk.management.agent jdk.jconsole jdk.jdeps jdk.jdwp.agent jdk.jdi jdk.jfr jdk.jlink jdk.jpackage jdk.jshell jdk.jsobject jdk.jstatd jdk.localedata jdk.management.jfr jdk.naming.dns jdk.naming.rmi jdk.net jdk.nio.mapmode jdk.random jdk.sctp jdk.security.auth jdk.security.jgss jdk.unsupported jdk.unsupported.desktop jdk.xml.dom"
OS_ARCH="x86_64"
OS_NAME="Linux"
SOURCE=""

Environment Variables:
PATH=/home/grounzer/.npm-global/bin:/opt/miniforge/condabin:/home/grounzer/go/bin:/home/grounzer/.x-cmd.root/local/data/pkg/sphere/X/l/j/h/bin:/home/grounzer/.x-cmd.root/bin:/home/grounzer/.mozbuild/git-cinnabar:/usr/local/bin:/usr/bin:/bin:/usr/local/sbin:/opt/android-sdk/platform-tools:/opt/android-sdk/tools:/opt/android-sdk/tools/bin:/usr/lib/jvm/default/bin:/usr/bin/site_perl:/usr/bin/vendor_perl:/usr/bin/core_perl:/usr/lib/rustup/bin:/home/grounzer/.local/share/JetBrains/Toolbox/scripts:/somewhere/git-cinnabar:/home/grounzer/.x-cmd.root/local/data/triarii/bin
SHELL=/usr/bin/bash
DISPLAY=:0
WAYLAND_DISPLAY=wayland-1
LANG=zh_CN.UTF-8
TERM=xterm-kitty

Active Locale:
LC_ALL=zh_CN.UTF-8
LC_COLLATE=zh_CN.UTF-8
LC_CTYPE=zh_CN.UTF-8
LC_MESSAGES=zh_CN.UTF-8
LC_MONETARY=zh_CN.UTF-8
LC_NUMERIC=zh_CN.UTF-8
LC_TIME=zh_CN.UTF-8

Signal Handlers:
   SIGSEGV: 0x00007f585920e240 in libjvm.so+14737984, mask=11100100010111111101111111111110, flags=SA_RESTART|SA_SIGINFO, unblocked
    SIGBUS: 0x00007f585920e240 in libjvm.so+14737984, mask=11100100010111111101111111111110, flags=SA_RESTART|SA_SIGINFO, unblocked
    SIGFPE: 0x00007f585920e240 in libjvm.so+14737984, mask=11100100010111111101111111111110, flags=SA_RESTART|SA_SIGINFO, unblocked
   SIGPIPE: 0x00007f5859067700 in libjvm.so+13006592, mask=11100100010111111101111111111110, flags=SA_RESTART|SA_SIGINFO, blocked
   SIGXFSZ: 0x00007f5859067700 in libjvm.so+13006592, mask=11100100010111111101111111111110, flags=SA_RESTART|SA_SIGINFO, blocked
    SIGILL: 0x00007f585920e240 in libjvm.so+14737984, mask=11100100010111111101111111111110, flags=SA_RESTART|SA_SIGINFO, unblocked
   SIGUSR2: 0x00007f5859069020 in libjvm.so+13013024, mask=00000000000000000000000000000000, flags=SA_RESTART|SA_SIGINFO, blocked
    SIGHUP: 0x00007f5859066a60 in libjvm.so+13003360, mask=11100100010111111101111111111110, flags=SA_RESTART|SA_SIGINFO, blocked
    SIGINT: 0x00007f5859066a60 in libjvm.so+13003360, mask=11100100010111111101111111111110, flags=SA_RESTART|SA_SIGINFO, blocked
   SIGTERM: 0x00007f5859066a60 in libjvm.so+13003360, mask=11100100010111111101111111111110, flags=SA_RESTART|SA_SIGINFO, blocked
   SIGQUIT: 0x00007f5859066a60 in libjvm.so+13003360, mask=11100100010111111101111111111110, flags=SA_RESTART|SA_SIGINFO, blocked
   SIGTRAP: 0x00007f585920e240 in libjvm.so+14737984, mask=11100100010111111101111111111110, flags=SA_RESTART|SA_SIGINFO, unblocked


Periodic native trim disabled

---------------  S Y S T E M  ---------------

OS:
DISTRIB_ID="Arch"
DISTRIB_RELEASE="rolling"
DISTRIB_DESCRIPTION="Arch Linux"
uname: Linux 7.0.5-zen1-1-zen #1 ZEN SMP PREEMPT_DYNAMIC Fri, 08 May 2026 09:29:10 +0000 x86_64
OS uptime: 0 days 2:57 hours
libc: glibc 2.43 NPTL 2.43 
rlimit (soft/hard): STACK 12500k/infinity , CORE infinity/infinity , NPROC 60592/60592 , NOFILE 524288/524288 , AS infinity/infinity , CPU infinity/infinity , DATA infinity/infinity , FSIZE infinity/infinity , MEMLOCK 8192k/8192k
load average: 4.18 4.98 3.89

/proc/meminfo:
MemTotal:       15677080 kB
MemFree:         1099392 kB
MemAvailable:    3621340 kB
Buffers:           56876 kB
Cached:          2423588 kB
SwapCached:         1956 kB
Active:          1953068 kB
Inactive:        8456852 kB
Active(anon):    1407288 kB
Inactive(anon):  7036324 kB
Active(file):     545780 kB
Inactive(file):  1420528 kB
Unevictable:      213608 kB
Mlocked:           24584 kB
SwapTotal:       4194300 kB
SwapFree:         257424 kB
Zswap:                 0 kB
Zswapped:              0 kB
Dirty:              3328 kB
Writeback:             0 kB
AnonPages:       8015820 kB
Mapped:          1293788 kB
Shmem:            316584 kB
KReclaimable:     890172 kB
Slab:            1193000 kB
SReclaimable:     890172 kB
SUnreclaim:       302828 kB
KernelStack:       35328 kB
PageTables:       113700 kB
SecPageTables:      4644 kB
NFS_Unstable:          0 kB
Bounce:                0 kB
WritebackTmp:          0 kB
CommitLimit:    12032840 kB
Committed_AS:   37301556 kB
VmallocTotal:   34359738367 kB
VmallocUsed:      165528 kB
VmallocChunk:          0 kB
Percpu:            40064 kB
HardwareCorrupted:     0 kB
AnonHugePages:   1005568 kB
ShmemHugePages:   231424 kB
ShmemPmdMapped:   229376 kB
FileHugePages:    137216 kB
FilePmdMapped:    135168 kB
CmaTotal:              0 kB
CmaFree:               0 kB
Unaccepted:            0 kB
Balloon:               0 kB
HugePages_Total:       0
HugePages_Free:        0
HugePages_Rsvd:        0
HugePages_Surp:        0
Hugepagesize:       2048 kB
Hugetlb:               0 kB
DirectMap4k:     3924932 kB
DirectMap2M:    12158976 kB
DirectMap1G:     1048576 kB

/sys/kernel/mm/transparent_hugepage/enabled: [always] madvise never
/sys/kernel/mm/transparent_hugepage/hpage_pmd_size: 2097152
/sys/kernel/mm/transparent_hugepage/defrag (defrag/compaction efforts parameter): always defer [defer+madvise] madvise never

Process Memory:
Virtual Size: 10885812K (peak: 10905428K)
Resident Set Size: 580344K (peak: 580344K) (anon: 356652K, file: 219304K, shmem: 4388K)
Swapped out: 0K
C-Heap outstanding allocations: 121933K, retained: 69410K
glibc malloc tunables: (default)

/proc/sys/kernel/threads-max (system-wide limit on the number of threads): 121185
/proc/sys/vm/max_map_count (maximum number of memory map areas a process may have): 1048576
/proc/sys/vm/swappiness (control to define how aggressively the kernel swaps out anonymous memory): 60
/proc/sys/kernel/pid_max (system-wide limit on number of process identifiers): 4194304

container (cgroup) information:
container_type: cgroupv2
cpu_cpuset_cpus: not supported
cpu_memory_nodes: not supported
active_processor_count: 16
cpu_quota: not supported
cpu_period: not supported
cpu_shares: not supported
memory_limit_in_bytes: 12541664 k
memory_and_swap_limit_in_bytes: unlimited
memory_soft_limit_in_bytes: 0
memory_usage_in_bytes: 10080628 k
memory_max_usage_in_bytes: not supported
rss_usage_in_bytes: 7877820 k
cache_usage_in_bytes: 1700260 k
memory_swap_current_in_bytes: 3722140 k
memory_swap_max_limit_in_bytes: unlimited
maximum number of tasks: 18177
current number of tasks: 296

Steal ticks since vm start: 0
Steal ticks percentage since vm start:  0.000

CPU: total 16 (initial active 16) (16 cores per cpu, 2 threads per core) family 23 model 104 stepping 1 microcode 0x8608108, cx8, cmov, fxsr, ht, mmx, 3dnowpref, sse, sse2, sse3, ssse3, sse4a, sse4.1, sse4.2, popcnt, lzcnt, tsc, tscinvbit, avx, avx2, aes, clmul, bmi1, bmi2, adx, sha, fma, vzeroupper, clflush, clflushopt, rdtscp, rdpid, f16c
CPU Model and flags from /proc/cpuinfo:
model name	: AMD Ryzen 7 5700U with Radeon Graphics
flags		: fpu vme de pse tsc msr pae mce cx8 apic sep mtrr pge mca cmov pat pse36 clflush mmx fxsr sse sse2 ht syscall nx mmxext fxsr_opt pdpe1gb rdtscp lm constant_tsc rep_good nopl xtopology nonstop_tsc cpuid extd_apicid aperfmperf rapl pni pclmulqdq monitor ssse3 fma cx16 sse4_1 sse4_2 movbe popcnt aes xsave avx f16c rdrand lahf_lm cmp_legacy svm extapic cr8_legacy abm sse4a misalignsse 3dnowprefetch osvw ibs skinit wdt tce topoext perfctr_core perfctr_nb bpext perfctr_llc mwaitx cpb cat_l3 cdp_l3 hw_pstate ssbd mba ibrs ibpb stibp vmmcall fsgsbase bmi1 avx2 smep bmi2 cqm rdt_a rdseed adx smap clflushopt clwb sha_ni xsaveopt xsavec xgetbv1 cqm_llc cqm_occup_llc cqm_mbm_total cqm_mbm_local clzero irperf xsaveerptr rdpru wbnoinvd cppc arat npt lbrv svm_lock nrip_save tsc_scale vmcb_clean flushbyasid decodeassists pausefilter pfthreshold avic v_vmsave_vmload vgif v_spec_ctrl umip rdpid overflow_recov succor smca

Online cpus: 0-15
Offline cpus: 
BIOS frequency limitation: <Not Available>
Frequency switch latency (ns): 0
Available cpu frequencies: <Not Available>
Current governor: performance
Core performance/turbo boost: 1

Memory: 4k page, physical 12541664k(2461036k free), swap 4194300k(257440k free)
Page Sizes: 4k

vm_info: OpenJDK 64-Bit Server VM (21.0.11+10) for linux-amd64 JRE (21.0.11+10), built on 2026-04-21T21:02:55Z by "builduser" with gcc 15.2.1 20260209

END.
